[{"model": "admin.logentry", "pk": 1, "fields": {"action_time": "2024-10-14T17:54:18.723Z", "user": 1, "content_type": 8, "object_id": "1", "object_repr": "losola5712@hraifi.com", "action_flag": 2, "change_message": "[{\"changed\": {\"fields\": [\"Verified\", \"Primary\"]}}]"}}, {"model": "admin.logentry", "pk": 2, "fields": {"action_time": "2024-10-17T08:20:51.044Z", "user": 1, "content_type": 17, "object_id": "1", "object_repr": "Category object (1)", "action_flag": 1, "change_message": "[{\"added\": {}}]"}}, {"model": "admin.logentry", "pk": 3, "fields": {"action_time": "2024-10-17T08:21:51.613Z", "user": 1, "content_type": 17, "object_id": "2", "object_repr": "Category object (2)", "action_flag": 1, "change_message": "[{\"added\": {}}]"}}, {"model": "admin.logentry", "pk": 4, "fields": {"action_time": "2024-10-17T08:25:04.827Z", "user": 1, "content_type": 17, "object_id": "2", "object_repr": "Category object (2)", "action_flag": 2, "change_message": "[{\"changed\": {\"fields\": [\"Friendly name\"]}}]"}}, {"model": "admin.logentry", "pk": 5, "fields": {"action_time": "2024-10-17T09:00:40.288Z", "user": 1, "content_type": 17, "object_id": "2", "object_repr": "Safety Razors", "action_flag": 3, "change_message": ""}}, {"model": "admin.logentry", "pk": 6, "fields": {"action_time": "2024-10-17T09:00:40.288Z", "user": 1, "content_type": 17, "object_id": "1", "object_repr": "Straight Razor", "action_flag": 3, "change_message": ""}}, {"model": "admin.logentry", "pk": 7, "fields": {"action_time": "2024-10-17T09:19:14.545Z", "user": 1, "content_type": 17, "object_id": "3", "object_repr": "Safety Razors", "action_flag": 1, "change_message": "[{\"added\": {}}]"}}, {"model": "admin.logentry", "pk": 8, "fields": {"action_time": "2024-10-17T09:43:33.694Z", "user": 1, "content_type": 16, "object_id": "1", "object_repr": "masamune nodachi (SR-001-STR-2024)", "action_flag": 1, "change_message": "[{\"added\": {}}]"}}, {"model": "admin.logentry", "pk": 9, "fields": {"action_time": "2024-10-17T09:53:35.276Z", "user": 1, "content_type": 16, "object_id": "1", "object_repr": "masamune nodachi (SR-001-STR-2024)", "action_flag": 2, "change_message": "[{\"changed\": {\"fields\": [\"Image\"]}}, {\"added\": {\"name\": \"preview image\", \"object\": \"PreviewImage object (1)\"}}]"}}, {"model": "admin.logentry", "pk": 10, "fields": {"action_time": "2024-10-17T09:53:46.971Z", "user": 1, "content_type": 16, "object_id": "1", "object_repr": "masamune nodachi (SR-001-STR-2024)", "action_flag": 2, "change_message": "[{\"added\": {\"name\": \"preview image\", \"object\": \"PreviewImage object (2)\"}}]"}}, {"model": "admin.logentry", "pk": 11, "fields": {"action_time": "2024-10-17T13:36:08.157Z", "user": 1, "content_type": 17, "object_id": "3", "object_repr": "safety_razors", "action_flag": 2, "change_message": "[{\"changed\": {\"fields\": [\"Friendly name\"]}}]"}}, {"model": "admin.logentry", "pk": 12, "fields": {"action_time": "2024-10-17T13:37:54.286Z", "user": 1, "content_type": 17, "object_id": "3", "object_repr": "Safety Razors", "action_flag": 2, "change_message": "[{\"changed\": {\"fields\": [\"Friendly name\"]}}]"}}, {"model": "admin.logentry", "pk": 13, "fields": {"action_time": "2024-10-18T06:56:11.218Z", "user": 1, "content_type": 17, "object_id": "4", "object_repr": "Brushes", "action_flag": 1, "change_message": "[{\"added\": {}}]"}}, {"model": "admin.logentry", "pk": 14, "fields": {"action_time": "2024-10-18T06:56:27.242Z", "user": 1, "content_type": 17, "object_id": "5", "object_repr": "Soaps & Aftershaves", "action_flag": 1, "change_message": "[{\"added\": {}}]"}}, {"model": "admin.logentry", "pk": 15, "fields": {"action_time": "2024-10-18T06:58:26.297Z", "user": 1, "content_type": 17, "object_id": "3", "object_repr": "Safety Razors", "action_flag": 2, "change_message": "[{\"changed\": {\"fields\": [\"Name\"]}}]"}}, {"model": "admin.logentry", "pk": 16, "fields": {"action_time": "2024-10-18T06:58:35.363Z", "user": 1, "content_type": 17, "object_id": "4", "object_repr": "Brushes", "action_flag": 2, "change_message": "[{\"changed\": {\"fields\": [\"Name\"]}}]"}}, {"model": "admin.logentry", "pk": 17, "fields": {"action_time": "2024-10-18T06:59:02.112Z", "user": 1, "content_type": 17, "object_id": "5", "object_repr": "Soaps & Aftershaves", "action_flag": 2, "change_message": "[{\"changed\": {\"fields\": [\"Name\"]}}]"}}, {"model": "admin.logentry", "pk": 18, "fields": {"action_time": "2024-10-18T07:00:07.781Z", "user": 1, "content_type": 17, "object_id": "6", "object_repr": "Shaving Bowls", "action_flag": 1, "change_message": "[{\"added\": {}}]"}}, {"model": "admin.logentry", "pk": 19, "fields": {"action_time": "2024-10-18T07:00:44.410Z", "user": 1, "content_type": 17, "object_id": "7", "object_repr": "Blades", "action_flag": 1, "change_message": "[{\"added\": {}}]"}}, {"model": "admin.logentry", "pk": 20, "fields": {"action_time": "2024-10-18T07:02:26.990Z", "user": 1, "content_type": 17, "object_id": "8", "object_repr": "Straight Razors", "action_flag": 1, "change_message": "[{\"added\": {}}]"}}, {"model": "admin.logentry", "pk": 21, "fields": {"action_time": "2024-10-18T07:10:45.540Z", "user": 1, "content_type": 16, "object_id": "1", "object_repr": "masamune nodachi (SR-001-SAF-2024)", "action_flag": 2, "change_message": "[{\"changed\": {\"fields\": [\"Sku\"]}}]"}}, {"model": "admin.logentry", "pk": 22, "fields": {"action_time": "2024-10-18T07:21:30.788Z", "user": 1, "content_type": 16, "object_id": "2", "object_repr": "Muramasa Adjustable Razor (SR-002-SAF-2024)", "action_flag": 1, "change_message": "[{\"added\": {}}, {\"added\": {\"name\": \"preview image\", \"object\": \"PreviewImage object (3)\"}}, {\"added\": {\"name\": \"preview image\", \"object\": \"PreviewImage object (4)\"}}]"}}, {"model": "admin.logentry", "pk": 23, "fields": {"action_time": "2024-10-18T07:27:19.849Z", "user": 1, "content_type": 16, "object_id": "3", "object_repr": "ARENA Smoked (SR-001-STR-2024)", "action_flag": 1, "change_message": "[{\"added\": {}}, {\"added\": {\"name\": \"preview image\", \"object\": \"PreviewImage object (5)\"}}]"}}, {"model": "admin.logentry", "pk": 24, "fields": {"action_time": "2024-10-18T07:30:37.788Z", "user": 1, "content_type": 16, "object_id": "4", "object_repr": "BISMARCK EBENHOLZ (SR-002-STR-2024)", "action_flag": 1, "change_message": "[{\"added\": {}}, {\"added\": {\"name\": \"preview image\", \"object\": \"PreviewImage object (6)\"}}]"}}, {"model": "admin.logentry", "pk": 25, "fields": {"action_time": "2024-10-18T07:34:39.021Z", "user": 1, "content_type": 16, "object_id": "5", "object_repr": "PRIMO II safety razor (SR-003-SAF-2024)", "action_flag": 1, "change_message": "[{\"added\": {}}, {\"added\": {\"name\": \"preview image\", \"object\": \"PreviewImage object (7)\"}}]"}}, {"model": "admin.logentry", "pk": 26, "fields": {"action_time": "2024-10-18T07:37:42.867Z", "user": 1, "content_type": 16, "object_id": "6", "object_repr": "Proof Whiskey Razor (SR-004-SAF-2024)", "action_flag": 1, "change_message": "[{\"added\": {}}, {\"added\": {\"name\": \"preview image\", \"object\": \"PreviewImage object (8)\"}}, {\"added\": {\"name\": \"preview image\", \"object\": \"PreviewImage object (9)\"}}]"}}, {"model": "admin.logentry", "pk": 27, "fields": {"action_time": "2024-10-18T07:41:53.245Z", "user": 1, "content_type": 16, "object_id": "7", "object_repr": "Leaf Razor (SR-005-SAF-2024)", "action_flag": 1, "change_message": "[{\"added\": {}}]"}}, {"model": "admin.logentry", "pk": 28, "fields": {"action_time": "2024-10-18T07:47:04.553Z", "user": 1, "content_type": 16, "object_id": "8", "object_repr": "Twig (SR-006-SAF-2024)", "action_flag": 1, "change_message": "[{\"added\": {}}]"}}, {"model": "admin.logentry", "pk": 29, "fields": {"action_time": "2024-10-18T07:47:52.347Z", "user": 1, "content_type": 16, "object_id": "7", "object_repr": "Leaf Razor (SR-005-SAF-2024)", "action_flag": 2, "change_message": "[{\"added\": {\"name\": \"preview image\", \"object\": \"PreviewImage object (10)\"}}]"}}, {"model": "admin.logentry", "pk": 30, "fields": {"action_time": "2024-10-18T08:01:39.894Z", "user": 1, "content_type": 16, "object_id": "8", "object_repr": "Twig (SR-006-SAF-2024)", "action_flag": 2, "change_message": "[{\"changed\": {\"fields\": [\"Image\"]}}]"}}, {"model": "admin.logentry", "pk": 31, "fields": {"action_time": "2024-10-18T08:03:07.101Z", "user": 1, "content_type": 16, "object_id": "8", "object_repr": "Twig (SR-006-SAF-2024)", "action_flag": 2, "change_message": "[{\"changed\": {\"fields\": [\"Image\"]}}]"}}, {"model": "admin.logentry", "pk": 32, "fields": {"action_time": "2024-10-18T08:03:19.418Z", "user": 1, "content_type": 16, "object_id": "8", "object_repr": "Twig (SR-006-SAF-2024)", "action_flag": 2, "change_message": "[{\"changed\": {\"fields\": [\"Image\"]}}]"}}, {"model": "admin.logentry", "pk": 33, "fields": {"action_time": "2024-10-18T08:04:23.357Z", "user": 1, "content_type": 16, "object_id": "7", "object_repr": "Leaf Razor (SR-005-SAF-2024)", "action_flag": 2, "change_message": "[{\"changed\": {\"fields\": [\"Image\"]}}]"}}, {"model": "admin.logentry", "pk": 34, "fields": {"action_time": "2024-10-18T08:05:13.331Z", "user": 1, "content_type": 16, "object_id": "7", "object_repr": "Leaf Razor (SR-005-SAF-2024)", "action_flag": 2, "change_message": "[{\"changed\": {\"fields\": [\"Image\"]}}]"}}, {"model": "admin.logentry", "pk": 35, "fields": {"action_time": "2024-10-18T08:06:18.473Z", "user": 1, "content_type": 16, "object_id": "7", "object_repr": "Leaf Razor (SR-005-SAF-2024)", "action_flag": 2, "change_message": "[{\"changed\": {\"fields\": [\"Image\"]}}]"}}, {"model": "admin.logentry", "pk": 36, "fields": {"action_time": "2024-10-18T08:07:28.302Z", "user": 1, "content_type": 16, "object_id": "7", "object_repr": "Leaf Razor (SR-005-SAF-2024)", "action_flag": 2, "change_message": "[{\"changed\": {\"fields\": [\"Image\"]}}]"}}, {"model": "admin.logentry", "pk": 37, "fields": {"action_time": "2024-10-18T08:45:30.363Z", "user": 1, "content_type": 16, "object_id": "9", "object_repr": "DOVO Shavette Stainless (SR-003-STR-2024)", "action_flag": 1, "change_message": "[{\"added\": {}}, {\"added\": {\"name\": \"preview image\", \"object\": \"PreviewImage object (11)\"}}, {\"added\": {\"name\": \"preview image\", \"object\": \"PreviewImage object (12)\"}}, {\"added\": {\"name\": \"preview image\", \"object\": \"PreviewImage object (13)\"}}]"}}, {"model": "admin.logentry", "pk": 38, "fields": {"action_time": "2024-10-18T08:49:12.162Z", "user": 1, "content_type": 16, "object_id": "10", "object_repr": "DOVO Shavette Olive Wood (SR-004-STR-2024)", "action_flag": 1, "change_message": "[{\"added\": {}}, {\"added\": {\"name\": \"preview image\", \"object\": \"PreviewImage object (14)\"}}]"}}, {"model": "admin.logentry", "pk": 39, "fields": {"action_time": "2024-10-18T08:54:00.525Z", "user": 1, "content_type": 16, "object_id": "11", "object_repr": "Muramasa Adjustable Brush - Synthetic (SR-001-BRS-2024)", "action_flag": 1, "change_message": "[{\"added\": {}}]"}}, {"model": "admin.logentry", "pk": 40, "fields": {"action_time": "2024-10-18T08:56:23.729Z", "user": 1, "content_type": 16, "object_id": "12", "object_repr": "Muramasa Adjustable Brush - Premium Boar (SR-002-BRS-2024  Brush)", "action_flag": 1, "change_message": "[{\"added\": {}}]"}}, {"model": "admin.logentry", "pk": 41, "fields": {"action_time": "2024-10-18T09:01:17.763Z", "user": 1, "content_type": 16, "object_id": "13", "object_repr": "Masamune Brush Synthetic (SR-003-BRS-2024)", "action_flag": 1, "change_message": "[{\"added\": {}}]"}}, {"model": "admin.logentry", "pk": 42, "fields": {"action_time": "2024-10-18T09:01:29.547Z", "user": 1, "content_type": 16, "object_id": "13", "object_repr": "Masamune Brush Synthetic (SR-003-BRS-2024)", "action_flag": 2, "change_message": "[{\"changed\": {\"fields\": [\"Category\"]}}]"}}, {"model": "admin.logentry", "pk": 43, "fields": {"action_time": "2024-10-18T09:03:22.921Z", "user": 1, "content_type": 16, "object_id": "14", "object_repr": "Muramasa Knot - Synthetic (SR-004-BRS-2024)", "action_flag": 1, "change_message": "[{\"added\": {}}]"}}, {"model": "admin.logentry", "pk": 44, "fields": {"action_time": "2024-10-18T10:11:45.725Z", "user": 1, "content_type": 16, "object_id": "15", "object_repr": "Proraso Sensitive Shaving Soap (SR-001-SAP-2024)", "action_flag": 1, "change_message": "[{\"added\": {}}]"}}, {"model": "admin.logentry", "pk": 45, "fields": {"action_time": "2024-10-18T10:14:07.982Z", "user": 1, "content_type": 16, "object_id": "16", "object_repr": "Proraso  Eucalyptus (SR-002-SAP-2024)", "action_flag": 1, "change_message": "[{\"added\": {}}]"}}, {"model": "admin.logentry", "pk": 46, "fields": {"action_time": "2024-10-18T10:16:16.485Z", "user": 1, "content_type": 16, "object_id": "17", "object_repr": "Cella Organic Aloe Vera Shaving Soap (SR-003-SAP-2024)", "action_flag": 1, "change_message": "[{\"added\": {}}]"}}, {"model": "admin.logentry", "pk": 47, "fields": {"action_time": "2024-10-18T10:24:07.709Z", "user": 1, "content_type": 16, "object_id": "18", "object_repr": "Tabac shaving soap (SR-004-SAP-2024)", "action_flag": 1, "change_message": "[{\"added\": {}}]"}}, {"model": "admin.logentry", "pk": 48, "fields": {"action_time": "2024-10-18T10:33:53.796Z", "user": 1, "content_type": 16, "object_id": "19", "object_repr": "Astra Blue Superior Stainless Double Edge (SR-001-BLA-2024)", "action_flag": 1, "change_message": "[{\"added\": {}}]"}}, {"model": "admin.logentry", "pk": 49, "fields": {"action_time": "2024-10-18T10:36:44.011Z", "user": 1, "content_type": 16, "object_id": "20", "object_repr": "Blade Starter set (SR-002-BLA-2024)", "action_flag": 1, "change_message": "[{\"added\": {}}]"}}, {"model": "admin.logentry", "pk": 50, "fields": {"action_time": "2024-10-18T10:40:13.484Z", "user": 1, "content_type": 16, "object_id": "21", "object_repr": "Beau Brummell (SR-001-SHM-2024)", "action_flag": 1, "change_message": "[{\"added\": {}}]"}}, {"model": "admin.logentry", "pk": 51, "fields": {"action_time": "2024-10-18T10:42:19.494Z", "user": 1, "content_type": 16, "object_id": "22", "object_repr": "Grandslam Wooden Shaving Bowl (SR-002-SHM-2024)", "action_flag": 1, "change_message": "[{\"added\": {}}]"}}, {"model": "admin.logentry", "pk": 52, "fields": {"action_time": "2024-10-18T10:43:46.952Z", "user": 1, "content_type": 16, "object_id": "18", "object_repr": "Tabac shaving soap (SR-004-SAP-2024)", "action_flag": 2, "change_message": "[{\"changed\": {\"fields\": [\"Image\"]}}]"}}, {"model": "admin.logentry", "pk": 53, "fields": {"action_time": "2024-10-19T08:39:24.459Z", "user": 1, "content_type": 16, "object_id": "14", "object_repr": "Muramasa Knot - Synthetic (SR-004-BRS-2024)", "action_flag": 2, "change_message": "[]"}}, {"model": "admin.logentry", "pk": 54, "fields": {"action_time": "2024-10-19T08:49:48.813Z", "user": 1, "content_type": 16, "object_id": "23", "object_repr": "Dude (test)", "action_flag": 1, "change_message": "[{\"added\": {}}]"}}, {"model": "admin.logentry", "pk": 55, "fields": {"action_time": "2024-10-30T11:11:12.874Z", "user": 1, "content_type": 16, "object_id": "1", "object_repr": "Masamune nodachi (SR-001-SAF-2024)", "action_flag": 2, "change_message": "[{\"changed\": {\"fields\": [\"Name\"]}}]"}}, {"model": "admin.logentry", "pk": 56, "fields": {"action_time": "2024-11-01T10:52:36.020Z", "user": 1, "content_type": 18, "object_id": "1", "object_repr": "C893240058B74AAAB7C2E1684156C311", "action_flag": 3, "change_message": ""}}, {"model": "admin.logentry", "pk": 57, "fields": {"action_time": "2024-11-01T10:52:46.321Z", "user": 1, "content_type": 18, "object_id": "3", "object_repr": "F52CF523E42D4F5F8410A1DBE0501842", "action_flag": 3, "change_message": ""}}, {"model": "admin.logentry", "pk": 58, "fields": {"action_time": "2024-11-01T10:53:02.864Z", "user": 1, "content_type": 18, "object_id": "2", "object_repr": "C9E07D13C2534B6089557F46E0EDAE22", "action_flag": 3, "change_message": ""}}, {"model": "admin.logentry", "pk": 59, "fields": {"action_time": "2024-11-01T11:50:03.771Z", "user": 1, "content_type": 18, "object_id": "4", "object_repr": "E77021652E1E44E99148E53B10EF6E7B", "action_flag": 2, "change_message": "[{\"deleted\": {\"name\": \"order line item\", \"object\": \"SKU SR-001-SAF-2024 on order E77021652E1E44E99148E53B10EF6E7B\"}}]"}}, {"model": "admin.logentry", "pk": 60, "fields": {"action_time": "2024-11-01T11:57:03.527Z", "user": 1, "content_type": 18, "object_id": "5", "object_repr": "0FE1EE7DE18245C98D6D5B6A3F429B54", "action_flag": 2, "change_message": "[{\"changed\": {\"name\": \"order line item\", \"object\": \"SKU SR-001-SAF-2024 on order 0FE1EE7DE18245C98D6D5B6A3F429B54\", \"fields\": [\"Quantity\"]}}]"}}, {"model": "admin.logentry", "pk": 61, "fields": {"action_time": "2024-11-01T11:57:17.682Z", "user": 1, "content_type": 18, "object_id": "5", "object_repr": "0FE1EE7DE18245C98D6D5B6A3F429B54", "action_flag": 2, "change_message": "[{\"changed\": {\"name\": \"order line item\", \"object\": \"SKU SR-001-SAF-2024 on order 0FE1EE7DE18245C98D6D5B6A3F429B54\", \"fields\": [\"Quantity\"]}}]"}}, {"model": "admin.logentry", "pk": 62, "fields": {"action_time": "2024-11-06T07:04:05.938Z", "user": 1, "content_type": 18, "object_id": "23", "object_repr": "6B88DADB382540E6895E442557CD42BF", "action_flag": 3, "change_message": ""}}, {"model": "admin.logentry", "pk": 63, "fields": {"action_time": "2024-11-06T07:04:05.938Z", "user": 1, "content_type": 18, "object_id": "22", "object_repr": "7B2D060C929B4EDD9A5CA2CBC46676CE", "action_flag": 3, "change_message": ""}}, {"model": "admin.logentry", "pk": 64, "fields": {"action_time": "2024-11-06T07:04:05.938Z", "user": 1, "content_type": 18, "object_id": "21", "object_repr": "7DA1868ADD9B406FA789A04BCBB3099B", "action_flag": 3, "change_message": ""}}, {"model": "admin.logentry", "pk": 65, "fields": {"action_time": "2024-11-06T07:04:05.938Z", "user": 1, "content_type": 18, "object_id": "20", "object_repr": "F23E36B39EC04F43B72BBDA4386AACDC", "action_flag": 3, "change_message": ""}}, {"model": "admin.logentry", "pk": 66, "fields": {"action_time": "2024-11-06T07:04:05.938Z", "user": 1, "content_type": 18, "object_id": "19", "object_repr": "326430706BA5409A8D574F7DCD8F786B", "action_flag": 3, "change_message": ""}}, {"model": "admin.logentry", "pk": 67, "fields": {"action_time": "2024-11-06T07:04:05.938Z", "user": 1, "content_type": 18, "object_id": "18", "object_repr": "2CD82433F239477D9A893D901136F2AA", "action_flag": 3, "change_message": ""}}, {"model": "admin.logentry", "pk": 68, "fields": {"action_time": "2024-11-06T07:04:05.938Z", "user": 1, "content_type": 18, "object_id": "17", "object_repr": "8B61B7DF3A2A4B119A7A6AFAA1184744", "action_flag": 3, "change_message": ""}}, {"model": "admin.logentry", "pk": 69, "fields": {"action_time": "2024-11-06T07:04:05.938Z", "user": 1, "content_type": 18, "object_id": "16", "object_repr": "3B7C0B3AA6AB4C4D93BDF8118BEDE37D", "action_flag": 3, "change_message": ""}}, {"model": "admin.logentry", "pk": 70, "fields": {"action_time": "2024-11-06T07:04:05.938Z", "user": 1, "content_type": 18, "object_id": "15", "object_repr": "AED502B67D714BE5BB8BC345C98887CE", "action_flag": 3, "change_message": ""}}, {"model": "admin.logentry", "pk": 71, "fields": {"action_time": "2024-11-06T07:04:05.938Z", "user": 1, "content_type": 18, "object_id": "14", "object_repr": "06CF6C51B3F44DE09ED7EAB159F8F037", "action_flag": 3, "change_message": ""}}, {"model": "admin.logentry", "pk": 72, "fields": {"action_time": "2024-11-06T07:04:05.938Z", "user": 1, "content_type": 18, "object_id": "13", "object_repr": "4369C66B6939478ABFB8AA9E2F4AFD0A", "action_flag": 3, "change_message": ""}}, {"model": "admin.logentry", "pk": 73, "fields": {"action_time": "2024-11-06T07:04:05.938Z", "user": 1, "content_type": 18, "object_id": "12", "object_repr": "F1F2AAC7731C4F54BECA1C95F0A84B61", "action_flag": 3, "change_message": ""}}, {"model": "admin.logentry", "pk": 74, "fields": {"action_time": "2024-11-06T07:04:05.938Z", "user": 1, "content_type": 18, "object_id": "11", "object_repr": "B70AE36BAA4D4CB3A3BEEB7377DF7180", "action_flag": 3, "change_message": ""}}, {"model": "admin.logentry", "pk": 75, "fields": {"action_time": "2024-11-06T07:04:05.938Z", "user": 1, "content_type": 18, "object_id": "10", "object_repr": "A03924D273BD46EA8E6E0997EBF484B9", "action_flag": 3, "change_message": ""}}, {"model": "admin.logentry", "pk": 76, "fields": {"action_time": "2024-11-06T07:04:05.938Z", "user": 1, "content_type": 18, "object_id": "9", "object_repr": "DAD9B2FF8A88434082AD8602AB259DCF", "action_flag": 3, "change_message": ""}}, {"model": "admin.logentry", "pk": 77, "fields": {"action_time": "2024-11-06T07:04:05.938Z", "user": 1, "content_type": 18, "object_id": "8", "object_repr": "B2658D39229D4D8A960AA7B178F18F51", "action_flag": 3, "change_message": ""}}, {"model": "admin.logentry", "pk": 78, "fields": {"action_time": "2024-11-06T07:04:05.938Z", "user": 1, "content_type": 18, "object_id": "7", "object_repr": "A6A4FE6EE09B4E23A0816DB7ECFF227A", "action_flag": 3, "change_message": ""}}, {"model": "admin.logentry", "pk": 79, "fields": {"action_time": "2024-11-06T07:04:05.938Z", "user": 1, "content_type": 18, "object_id": "6", "object_repr": "7C019AF5E35C4744BBB525977C0DC2B2", "action_flag": 3, "change_message": ""}}, {"model": "admin.logentry", "pk": 80, "fields": {"action_time": "2024-11-06T07:04:05.938Z", "user": 1, "content_type": 18, "object_id": "5", "object_repr": "0FE1EE7DE18245C98D6D5B6A3F429B54", "action_flag": 3, "change_message": ""}}, {"model": "admin.logentry", "pk": 81, "fields": {"action_time": "2024-11-06T07:04:05.938Z", "user": 1, "content_type": 18, "object_id": "4", "object_repr": "E77021652E1E44E99148E53B10EF6E7B", "action_flag": 3, "change_message": ""}}, {"model": "admin.logentry", "pk": 82, "fields": {"action_time": "2024-11-10T09:52:41.244Z", "user": 1, "content_type": 16, "object_id": "27", "object_repr": "tesst (tesst)", "action_flag": 3, "change_message": ""}}, {"model": "admin.logentry", "pk": 83, "fields": {"action_time": "2024-11-12T12:09:46.976Z", "user": 1, "content_type": 21, "object_id": "1", "object_repr": "hello world what is up", "action_flag": 1, "change_message": "[{\"added\": {}}]"}}, {"model": "admin.logentry", "pk": 84, "fields": {"action_time": "2024-11-12T12:47:05.867Z", "user": 1, "content_type": 21, "object_id": "2", "object_repr": "test 007", "action_flag": 3, "change_message": ""}}, {"model": "auth.user", "pk": 1, "fields": {"password": "pbkdf2_sha256$870000$HM6kmPz2erQl33sH6tLhuF$Mz6Gr6K3mm1gyJEuV9mI5SCQPjlCCa/7+TfddhCeAzw=", "last_login": "2024-11-10T09:51:54.692Z", "is_superuser": true, "username": "mainshaver", "first_name": "", "last_name": "", "email": "losola5712@hraifi.com", "is_staff": true, "is_active": true, "date_joined": "2024-10-12T09:11:03.782Z", "groups": [], "user_permissions": []}}, {"model": "auth.user", "pk": 2, "fields": {"password": "pbkdf2_sha256$870000$RaFwS9h5R4BbhIoa6ovRhv$awvDSGgAHr6nzwgPwv8pVXEqow9AbwNvQ6qI1xQFq8U=", "last_login": "2024-11-04T11:57:40.101Z", "is_superuser": false, "username": "Shave2", "first_name": "", "last_name": "", "email": "test@test.com", "is_staff": false, "is_active": true, "date_joined": "2024-11-04T11:56:31.391Z", "groups": [], "user_permissions": []}}, {"model": "auth.user", "pk": 3, "fields": {"password": "pbkdf2_sha256$870000$eJGj48LIRMKrxK6kuZY4Dv$1AIE6egg112RLrmsqfIagQXSDB4un+32swr6ychqeFI=", "last_login": "2024-11-04T13:46:56.707Z", "is_superuser": false, "username": "shaver3", "first_name": "", "last_name": "", "email": "test123@gool.com", "is_staff": false, "is_active": true, "date_joined": "2024-11-04T13:46:35.219Z", "groups": [], "user_permissions": []}}, {"model": "auth.user", "pk": 4, "fields": {"password": "pbkdf2_sha256$870000$XClAg7Mcc3IU4ffv4S8qom$5SiaTys+2P5noI4vjChiWfEyPOsQVNKZ+Aa1KBu68aE=", "last_login": null, "is_superuser": false, "username": "Pike", "first_name": "", "last_name": "", "email": "test999@test.com", "is_staff": false, "is_active": true, "date_joined": "2024-11-04T16:40:14.262Z", "groups": [], "user_permissions": []}}, {"model": "auth.user", "pk": 5, "fields": {"password": "pbkdf2_sha256$870000$shoqNieVBXKZ1u5WcbgAal$kZ/ZqchMI6GkMmdzE/m/ayAonN6NOrGNV4iLFqZHVRs=", "last_login": "2024-11-04T16:52:39.706Z", "is_superuser": false, "username": "dudepass", "first_name": "", "last_name": "", "email": "555@hot.com", "is_staff": false, "is_active": true, "date_joined": "2024-11-04T16:45:04.490Z", "groups": [], "user_permissions": []}}, {"model": "sessions.session", "pk": "0o5s78l0wur82i74kq3wr5psgls04khj", "fields": {"session_data": ".eJyrVirOyC8oyMxLj09KTFeyqlYyVLIy1FEyA5OmYNLQBEIZgClzMGmkZGVSWwsAEnQO_w:1t58Be:n8Etq9fJ0LHBhDTSrZ7qIsiCst3UfCEeb2qUEF9svxs", "expire_date": "2024-11-10T18:40:26.824Z"}}, {"model": "sessions.session", "pk": "0vbvacllbkdfjlbc3tplhfirvrrnzj29", "fields": {"session_data": "eyJzaG9wcGluZ19iYWciOnsiMTMiOjEsIjIiOjIsIjEiOjN9fQ:1t4JGp:1EYnUuZQl_DSWEarEiUfEJ8D6grvojE8IJHY9akJs8c", "expire_date": "2024-11-08T12:18:23.132Z"}}, {"model": "sessions.session", "pk": "1qengscz82wpvoswxo10kqxqmp2y98uv", "fields": {"session_data": "eyJzaG9wcGluZ19iYWciOnsiMSI6MX19:1t54H3:LwNkMsFAy7QdMWBCR4gHSx66R9ALiLJlFbtmSKXAb4I", "expire_date": "2024-11-10T14:29:45.342Z"}}, {"model": "sessions.session", "pk": "2ctdcwbsh62diks7h4432z6g600zop0v", "fields": {"session_data": "eyJzaG9wcGluZ19iYWciOnsiMiI6MX19:1t4Ibk:9sGNYgFEKiQPzinrQ5HXD6YIMfi7xNeXQC_Nilex9IE", "expire_date": "2024-11-08T11:35:56.176Z"}}, {"model": "sessions.session", "pk": "2kvaui9e61scap2bwlo27ucycl5s54np", "fields": {"session_data": "e30:1t7ssm:tD9ZSqFXf9tJhIZag9OmX7KBpRL0G5OQUCnpQN-zQtc", "expire_date": "2024-11-18T08:56:20.499Z"}}, {"model": "sessions.session", "pk": "35opwjh8b916em7f2ybfa34b9xxrekgd", "fields": {"session_data": ".eJxVjkEOgyAURO_C2hD5qKDL7nsG8hEQ2gaMaNLGePdi4qLdzrx5mZ0o3FavtmwXFQwZCCPVb6ZxfNp4FuaBcUp0THFdgqYnQq8203sy9nW72D-Bx-zLmguQoG2vBUAHnKETwgHwrjG8dw65aS23jZFaji0KXUs0nElgGsoIm1Oabc4hRWXfc1g-ZKgrkn2a5xCn8nMiw17eD-w4vnyLRn8:1t8caR:XWJGyD3caUCjQs6lUaQBC5tIJXBnhiMR5LqeG6IYBag", "expire_date": "2024-11-20T09:44:27.319Z"}}, {"model": "sessions.session", "pk": "3dno7c478bdditecmd3n7l4g67oz9roa", "fields": {"session_data": "eyJzaG9wcGluZ19iYWciOnsiMSI6MSwiMTIiOjF9fQ:1t6CAu:mnqf6l_3ni-Or0-RIclLpRuoHwOhr-fib6g5-jvH26I", "expire_date": "2024-11-13T17:08:04.740Z"}}, {"model": "sessions.session", "pk": "49pv8euj1xnly65ydfwq1c7ykp8p5lbx", "fields": {"session_data": "eyJzaG9wcGluZ19iYWciOnsiMiI6MSwiMyI6M319:1t6AEV:vW9X_RSakUTGVlb4JWl5P5jK6YQ5aBWrNvktG5iSDoo", "expire_date": "2024-11-13T15:03:39.870Z"}}, {"model": "sessions.session", "pk": "4t7yjfbyxdyg66d0m770n44iekibwbqu", "fields": {"session_data": ".eJxVjEEOgjAQRe_StWnoDNDC0r1naKZ0KlXTEgqJxnh3IWGh2__e-29haV1GuxaebfSiF0qcfjdHw53TDvyN0jXLIadljk7uijxokZfs-XE-3L-Dkcq41ajBgOPOaYAWUFHQOgBgW3vsQiD0DSPX3jgzNKRdZcijMqAcbBHV-2nhUmJOlp9TnF-irz5fd3Q_DA:1t3wQb:-0zve79xJjuNevLkHfYbEx3aEBvwXi38JN5pJFXaGos", "expire_date": "2024-11-07T11:54:57.656Z"}}, {"model": "sessions.session", "pk": "4tynhn9wa43kwzha9p5k2v40ki755xes", "fields": {"session_data": ".eJxVjEEOgjAQRe_StWnoDNDC0r1naKZ0KlXTEgqJxnh3IWGh2__e-29haV1GuxaebfSiF0qcfjdHw53TDvyN0jXLIadljk7uijxokZfs-XE-3L-Dkcq41ajBgOPOaYAWUFHQOgBgW3vsQiD0DSPX3jgzNKRdZcijMqAcbBHV-2nhUmJOlp9TnF-irz5fd3Q_DA:1t14XA:bpJk0Xw5KJnlZ9h36Luq5Iu5Yg7BZqDHbXcY4aNLbuw", "expire_date": "2024-10-30T13:57:52.211Z"}}, {"model": "sessions.session", "pk": "5bf053ks6hg83n66kfxs5ypr6ny11ec2", "fields": {"session_data": "e30:1t7suM:trfTY3wQJpwlFfwDuiXDSrhhwa_XHT5nm8gSfrNHOT4", "expire_date": "2024-11-18T08:57:58.337Z"}}, {"model": "sessions.session", "pk": "5nir5nbfal2jwis7sfi0gl54f420yzjy", "fields": {"session_data": "eyJzaG9wcGluZ19iYWciOnsiMiI6MSwiMjMiOjF9fQ:1t5hnu:AkXNBCgbDpinMDczh9IzMI4xQjFHUBzh0DvOPth4v4E", "expire_date": "2024-11-12T08:42:18.994Z"}}, {"model": "sessions.session", "pk": "5qyjqsvjfr7b55qpmlzpfbr8g129y55b", "fields": {"session_data": "eyJzaG9wcGluZ19iYWciOnsiMSI6MTMsIjEzIjoxLCI1IjozfX0:1t4gV3:c3FCCQDYFFEkV_gH9sOQSBbSj3yiJKY5810Y3PDaq_Y", "expire_date": "2024-11-09T13:06:37.086Z"}}, {"model": "sessions.session", "pk": "6dkw36guxpeif3juruss6o4krusdcqdk", "fields": {"session_data": ".eJxVjEEOgyAURO_y18bIRwVddt8zkI-A0DZgRJM2xrtXEzduZjFv3myQfZqmEEelaYR-A8ahZwXgkXsBitbFqzXbWQUDPTC4dZqGt40nMC-KYyqHFJc56PKclBfN5TMZ-3lc29uBp-wPmwuUqG2nBWKLnJETwiHytja8c464aSy3tZFaDg0JXUkynElkGg-J6vM025xDisp-pzD_oK_2P5QrR78:1t521p:zUwp9iijdmiPNBbT5VRbB1KXwI4-834oqFW8ieKz7SY", "expire_date": "2024-11-10T12:05:53.062Z"}}, {"model": "sessions.session", "pk": "6woaiu793z23a266ag6dlppej6eqeifu", "fields": {"session_data": ".eJxVjkEOgyAURO_y18bIRwVddt8zkI-A0DZgRJM2xrtXExftdubNy2ygaF28WrOdVTDQA4PiN9M0PG08C_OgOKZySHGZgy5PpLzaXN6Tsa_bxf4JPGV_rLlAidp2WiC2yBk5IRwib2vDO-eIm8ZyWxup5dCQ0JUkw5lEpvEYUX1Ks805pKjsewrzB_qqgOzTNIU4Hj9H6DdA6HHfv3yURoE:1t5L15:l_H3a1KKkiZwqsf4YXcM0TQ3ciWGDkMhlglPDrfi2aM", "expire_date": "2024-11-11T08:22:23.438Z"}}, {"model": "sessions.session", "pk": "91flwysks414b6gqp0c6f3pcffyq4c6r", "fields": {"session_data": "eyJzaG9wcGluZ19iYWciOnsiMiI6Mn19:1t6aIY:iOBGeFMVcD5_TmFpw9MUDmS8-e721kTH3tM3p-rNDE4", "expire_date": "2024-11-14T18:53:34.365Z"}}, {"model": "sessions.session", "pk": "9yi4om518a2rvwgx5lhqnzf2j0w91mes", "fields": {"session_data": "e30:1t7srI:SG7R66YdY7jT4ghaEM2-H2miC8rkKt7G7t3ze8KLbt4", "expire_date": "2024-11-18T08:54:48.994Z"}}, {"model": "sessions.session", "pk": "apglug2ezlsogx76e0ocuhfmhhuuwb32", "fields": {"session_data": "eyJzaG9wcGluZ19iYWciOnsiMSI6MSwiOSI6MywiMiI6NCwiNiI6MX19:1t5Msh:2n3xBp6BNYd0U_IFxaRgqkV1N1feCOuKoClFmp5qSKA", "expire_date": "2024-11-11T10:21:51.032Z"}}, {"model": "sessions.session", "pk": "avq0g1wr45o1ykx7cto69b2hv1aisfjt", "fields": {"session_data": ".eJxVj0EOgyAQRe8ya2NkQKEsu-8ZyCCotA0Y0aSN8e7Vxo2bWcz7_ydvBUs96BUYaFYA7ncrwNAyD2bJfjLBgd7h5Wepffl4APek2KeyTXGegi2PSHnSXD6S8-_7mb0MDJSHvc0lKrT-ZiVig5xRJ2WHyBvh-K3riLvacy-csqqtSdpKkeNMIbO4l0gco9nnHFI0_jOG6Qu6KiAPaRxD7M2phn81DhqLQ1Ns2w81U01X:1t4ISL:XTSpG0RVGmO9cEkyueek5wrgG1VKH3d_5PjzUHdPeI4", "expire_date": "2024-11-08T11:26:13.005Z"}}, {"model": "sessions.session", "pk": "b56typk9ajktzc9bqyjshyzg0yc440pg", "fields": {"session_data": ".eJxVjEEOgjAQRe_StWnoDNDC0r1naKZ0KlXTEgqJxnh3IWGh2__e-29haV1GuxaebfSiF0qcfjdHw53TDvyN0jXLIadljk7uijxokZfs-XE-3L-Dkcq41ajBgOPOaYAWUFHQOgBgW3vsQiD0DSPX3jgzNKRdZcijMqAcbBHV-2nhUmJOlp9TnF-irz5fd3Q_DA:1t1mIL:gaeMu2ZCq9Uz4X4dOPjEUV_HtybgPlYG7lqCpeVvlM8", "expire_date": "2024-11-01T12:41:29.213Z"}}, {"model": "sessions.session", "pk": "c7ve3xawubvjaf4r48spr39xl0r7lslk", "fields": {"session_data": "eyJzaG9wcGluZ19iYWciOnsiMSI6MX19:1t6XW9:jfK8HqDxoUeFg6ZpXcNAAwU8sLznXbRoRXyEsQUuUW4", "expire_date": "2024-11-14T15:55:25.298Z"}}, {"model": "sessions.session", "pk": "cru55zy9ascwr1uegu0dkx4z7eehxm7u", "fields": {"session_data": "eyJzaG9wcGluZ19iYWciOnsiMSI6MX19:1t53v0:WsTzBh-81v2guzUpTfA5UHm-rbP1s2Yj99WXkOS9ay8", "expire_date": "2024-11-10T14:06:58.881Z"}}, {"model": "sessions.session", "pk": "d62ya2b8v1u7atnbv88apdodc7nsgrt6", "fields": {"session_data": "eyJzaG9wcGluZ19iYWciOnsiMiI6MSwiNSI6Mn19:1t6AYk:rn159MrYCaItmReMI7niQas01PC5_pdNkQoql4TiX6w", "expire_date": "2024-11-13T15:24:34.351Z"}}, {"model": "sessions.session", "pk": "d9zpp480hgwu1n1icishmptczqctp1oh", "fields": {"session_data": ".eJxVjkEOgyAURO_C2hj5qKDL7nsG8pGP0DZgRJM2xrtXExftdubNy2xM47p4vWaadbCsZ5wVv5nB4UnxLOwD45jKIcVlDqY8kfJqc3lPll63i_0TeMz-WAsJCgx1RgK0IDg6KR2AaGsrOudQ2IYE1VYZNTQoTaXQCq6AGzhGWJ_STDmHFDW9pzB_WF8VLPs0TSGOx8-R9du-fwEhCkWf:1t9RCd:n6JPURPShCIlDuAj3i6ZM8C5DsiklFscSCGmvVPD9GA", "expire_date": "2024-11-22T15:47:15.669Z"}}, {"model": "sessions.session", "pk": "db2dolwpbbnlli7o9vm4mwiq2wqpgtk0", "fields": {"session_data": "eyJzaG9wcGluZ19iYWciOnsiMiI6M319:1t50SX:TreZr5BYxEjoLmOCqteIbMixl3kVfvX2jZ1sT1NXZZo", "expire_date": "2024-11-10T10:25:21.616Z"}}, {"model": "sessions.session", "pk": "dthc48kn0jrqqb4i76r7ncglj66380fo", "fields": {"session_data": "e30:1t7t73:ZFXx5eXQxZWpxoq6dYPSUaNSL_7EY0uOO9fx4BbbnCw", "expire_date": "2024-11-18T09:11:05.949Z"}}, {"model": "sessions.session", "pk": "et9u8k3bi2pdnvr6skftb3tod15zipfp", "fields": {"session_data": ".eJxVjEEOgjAQRe_StWnoDNDC0r1naKZ0KlXTEgqJxnh3IWGh2__e-29haV1GuxaebfSiF0qcfjdHw53TDvyN0jXLIadljk7uijxokZfs-XE-3L-Dkcq41ajBgOPOaYAWUFHQOgBgW3vsQiD0DSPX3jgzNKRdZcijMqAcbBHV-2nhUmJOlp9TnF-irz5fd3Q_DA:1t9KPd:YznoctVUznhTVO1WZn8eQqJ0GdHfCVmMwcZ0bNGjTfQ", "expire_date": "2024-11-22T08:32:13.062Z"}}, {"model": "sessions.session", "pk": "f1h7m4cmgqsx9i445bp3hf2m1bbe5hrj", "fields": {"session_data": "eyJzaG9wcGluZ19iYWciOnsiMSI6MX19:1t8GlP:4NG8_N1o8KfGHoJ4-rs89THbr50_VFCFJzMraFJ_5bE", "expire_date": "2024-11-19T10:26:19.436Z"}}, {"model": "sessions.session", "pk": "f33qg22oq346ph759m49sdt9o0n37d47", "fields": {"session_data": "eyJzaG9wcGluZ19iYWciOnsiMSI6MX19:1t52Bp:Ome--l4WjtrLoYkraOcwXeLUEQy3oWRPsOnmKkmgm7E", "expire_date": "2024-11-10T12:16:13.702Z"}}, {"model": "sessions.session", "pk": "fvozorx0a779ytb72kjyb4ixgoj9wk3m", "fields": {"session_data": "eyJzaG9wcGluZ19iYWciOnsiMiI6Mn19:1t5RkH:31Zny1lOPJTEi5FMjTx7E3aNjX1gaLL79cWXSKl4aZ4", "expire_date": "2024-11-11T15:33:29.808Z"}}, {"model": "sessions.session", "pk": "fxon81w9zyo169nipsl2apzwh2pjk6ig", "fields": {"session_data": "eyJzaG9wcGluZ19iYWciOnsiMSI6MX19:1t526g:GptRVnNniEdZmv7pikoEqJnL0G3QtECuA5TNYxcDbRg", "expire_date": "2024-11-10T12:10:54.111Z"}}, {"model": "sessions.session", "pk": "g13jjfvk8ig34uq22a1njjjklutbsnhl", "fields": {"session_data": ".eJxVjEEOgyAQRe8y64aUQQVddt8zkBkBsW3AiK6Md68mbtz-997foMQ8TWMaLNMA3QYGOrk_wNK6RLsWP9vRQQcSbhtT__XpBO5Daciiz2mZRxanIi5axDs7_3td7u0gUolHrTQaZN-yRmxQSQpaB0TVVE61IZBytVe-coZNX5PmpyGnpEHJeERUwf4HNY4_SQ:1t6ZdK:gVGm2g196KXnqtSnEGP-Wpnxro-Lps6VI4_AITz88t4", "expire_date": "2024-11-14T18:10:58.571Z"}}, {"model": "sessions.session", "pk": "gd7o6s9al32rd04hpts2f9iy3kiwxaes", "fields": {"session_data": "eyJzaG9wcGluZ19iYWciOnsiMTkiOjEsIjEzIjoxfX0:1t6UOS:0rrLsnprZYORyMT2oABta2M8QXyui0L7g3m8QGAG-sI", "expire_date": "2024-11-14T12:35:16.203Z"}}, {"model": "sessions.session", "pk": "gfuila7ij5q4m42iekdm3y7e7sns7cja", "fields": {"session_data": "eyJzaG9wcGluZ19iYWciOnsiMSI6MX19:1t4HK9:uIiXWcrPo9PHzyWqkmUFi_UCm25_NO7Q5lT_QlUUi0Y", "expire_date": "2024-11-08T10:13:41.710Z"}}, {"model": "sessions.session", "pk": "giv6ay30rb2cxk7uoief5nuwb1tfwc5g", "fields": {"session_data": "e30:1t7suY:z5mxM7D6JfyV6u53_rFWxD6O1X--5cZV0pyZK46P0ns", "expire_date": "2024-11-18T08:58:10.907Z"}}, {"model": "sessions.session", "pk": "goraxfbl3mjriqsdjx193t5n74jvyjzy", "fields": {"session_data": "eyJzaG9wcGluZ19iYWciOnsiMSI6MSwiMiI6MX19:1t6XRs:p4ajKm37r8fZowcFkOdD8KDnWKuxyoG19mTGVH0AB9E", "expire_date": "2024-11-14T15:51:00.931Z"}}, {"model": "sessions.session", "pk": "gsi2f1f31ww5w9zwfwh8ux0w48ux1n18", "fields": {"session_data": "eyJzaG9wcGluZ19iYWciOnsiMSI6MX19:1t528F:VdPUuNrDeVqeRHsySyf_Sli1Q3ZdBQt_Ac3yywA3I1I", "expire_date": "2024-11-10T12:12:31.832Z"}}, {"model": "sessions.session", "pk": "ha1g6fq21idckjwre5mklcf92nh9vp5s", "fields": {"session_data": ".eJxVjMEKgzAQRP9lzyJmV03Msfd-Q9iYqGlLIqaFFvHfq-DFywzMvJkV8pTmOcTRWB5BryAIdF2AAC12PawroAFNWwGGP-_JfLJfTHCgd-iSWe6fPh6Fe3AcU9mn-F6CLQ-kPNtc3pPzr9vJXg4mztO-JokKre-sRGyRBA9SDojU1o66YWByjSdfO2VV37C0lWJHQqGwuI-4Pk6zzzmkaPx3DssPdLX9AQXqSkk:1t4fKu:fB-uc9RI75gmW4phqgKyxWmFN3h0m6saZwG3sOsgebw", "expire_date": "2024-11-09T11:52:04.290Z"}}, {"model": "sessions.session", "pk": "hab3yea70r1ev169jgjlfzr2pypktrfn", "fields": {"session_data": ".eJxVjkEOgyAURO_CuiHlo0Jddt8zkI98hLYBI9qN8e7FxEW7fTPzMhszuC7BrIVmEx3rmWCXX2ZxeFE6AvfENGY-5LTM0fKjws-08Ed29L6f3T9BwBLqWirQYOlmFUAHUqBXygPIrnHy5j1K15KkxmmrhxaVvWp0UmgQFuoImyot-CETk8-sX-aVKgh5mmIa68mR9du-fwFOEkSG:1tAuI0:wCTn5D_R_HA0AqRvSzibiDuc-NdZQbS91k7DOAexZwU", "expire_date": "2024-11-26T17:02:52.106Z"}}, {"model": "sessions.session", "pk": "httga406526fhaalhns14sn9i496amb3", "fields": {"session_data": "eyJzaG9wcGluZ19iYWciOnsiOCI6MiwiMiI6MTZ9fQ:1t56ag:gy2ncwLLxn9ymEvdfmlGa__CQOoS45UlOLM91B6WcmU", "expire_date": "2024-11-10T16:58:10.076Z"}}, {"model": "sessions.session", "pk": "ibugohdxj88y29egdkc09jt82u3muviu", "fields": {"session_data": "eyJzaG9wcGluZ19iYWciOnsiMSI6MSwiMTMiOjN9fQ:1t4jsl:_hKHe_5UcAY-UjGtG7AiKyS5AlYIEgb_WvjnsYI3d10", "expire_date": "2024-11-09T16:43:19.123Z"}}, {"model": "sessions.session", "pk": "ie2lmdqrplzki3y9no099rzgeyx4mceu", "fields": {"session_data": "eyJzaG9wcGluZ19iYWciOnsiMSI6MSwiNCI6MX19:1t6Wp7:23mNPbgT2D5_xY-gl6ACa24uhwesqRjLC_rPBjXgh_M", "expire_date": "2024-11-14T15:10:57.664Z"}}, {"model": "sessions.session", "pk": "ivawlexvwe46wqslgsr753vmj5bs55xg", "fields": {"session_data": "eyJzaG9wcGluZ19iYWciOnsiMiI6OCwiNSI6MX0sImJhZyI6e319:1t54xz:gVN0jwikpGXIBhH4iblhaN4FzVaXfWhOx8eHjFFQzgE", "expire_date": "2024-11-10T15:14:07.357Z"}}, {"model": "sessions.session", "pk": "j6p8k7vpqe4lmx2q9s4ikm051h981kxn", "fields": {"session_data": "eyJzaG9wcGluZ19iYWciOnsiMTEiOjF9fQ:1t53qE:FO_tt1n9m9wOEbd-bxDj7ep4dsiVfPLF6CNbJ0ormko", "expire_date": "2024-11-10T14:02:02.509Z"}}, {"model": "sessions.session", "pk": "jgvm9cz8b5n1a3am8gt7gqt90d3qklcl", "fields": {"session_data": "eyJzaG9wcGluZ19iYWciOnsiMjAiOjF9fQ:1t54QX:o1Yjxzy2Sf43CdeyTJ17UAAfnoO2WIowds738bgB-Wc", "expire_date": "2024-11-10T14:39:33.598Z"}}, {"model": "sessions.session", "pk": "kmt0if1uq81y1je7mjr35ptbjf6doe0n", "fields": {"session_data": "e30:1t7ssS:Gi9CMANlUCAivUOvC-JMG0bfXrLA6hxh_31texjSvys", "expire_date": "2024-11-18T08:56:00.836Z"}}, {"model": "sessions.session", "pk": "kuhqcg7rvhu4xcxqa2hqpnqbduwzo4yu", "fields": {"session_data": ".eJxVjEEOgjAQRe_StWnoDNDC0r1naKZ0KlXTEgqJxnh3IWGh2__e-29haV1GuxaebfSiF0qcfjdHw53TDvyN0jXLIadljk7uijxokZfs-XE-3L-Dkcq41ajBgOPOaYAWUFHQOgBgW3vsQiD0DSPX3jgzNKRdZcijMqAcbBHV-2nhUmJOlp9TnF-irz5fd3Q_DA:1t3wAP:XxXC-AUsAn_fZ62s49DjhKl4z0DemW3CFmpUUJanpik", "expire_date": "2024-11-07T11:38:13.244Z"}}, {"model": "sessions.session", "pk": "kv8o54d671z3hf3gkc9hjbpj7ds74ko6", "fields": {"session_data": ".eJxVjEEOgjAQRe_StWnoDNDC0r1naKZ0KlXTEgqJxnh3IWGh2__e-29haV1GuxaebfSiF0qcfjdHw53TDvyN0jXLIadljk7uijxokZfs-XE-3L-Dkcq41ajBgOPOaYAWUFHQOgBgW3vsQiD0DSPX3jgzNKRdZcijMqAcbBHV-2nhUmJOlp9TnF-irz5fd3Q_DA:1t93Ub:oAilfcm5lo-47C-dm_ATUIcG9oGG8trKK-9DAebbCy4", "expire_date": "2024-11-21T14:28:13.852Z"}}, {"model": "sessions.session", "pk": "kzoybnjqma678swrhp4g2puku82xn0um", "fields": {"session_data": ".eJxVjEEOgjAQRe_StWnoDNDC0r1naKZ0KlXTEgqJxnh3IWGh2__e-29haV1GuxaebfSiF0qcfjdHw53TDvyN0jXLIadljk7uijxokZfs-XE-3L-Dkcq41ajBgOPOaYAWUFHQOgBgW3vsQiD0DSPX3jgzNKRdZcijMqAcbBHV-2nhUmJOlp9TnF-irz5fd3Q_DA:1t1Pkn:E_1tTW7CTjhhZY2NT4t1kU63O9ZDbIbNzvus1hCwp-c", "expire_date": "2024-10-31T12:37:21.513Z"}}, {"model": "sessions.session", "pk": "luwx30nhmteb5g89eabziuci1vds99qh", "fields": {"session_data": ".eJxVjEEOgjAQRe_StWnoDNDC0r1naKZ0KlXTEgqJxnh3IWGh2__e-29haV1GuxaebfSiF0qcfjdHw53TDvyN0jXLIadljk7uijxokZfs-XE-3L-Dkcq41ajBgOPOaYAWUFHQOgBgW3vsQiD0DSPX3jgzNKRdZcijMqAcbBHV-2nhUmJOlp9TnF-irz5fd3Q_DA:1t4jWJ:lid6VzevYq02RfmFE6Br1zx3Gnx4qCq4ggKO2ARZmi4", "expire_date": "2024-11-09T16:20:07.466Z"}}, {"model": "sessions.session", "pk": "mpct7j61fb622psuboskyoe5hpdd14nn", "fields": {"session_data": "eyJzaG9wcGluZ19iYWciOnsiMSI6MX19:1t6YBO:pTCnFzoFai25frjjeZz4yFAS-sjA_n6WurE9szQ26yw", "expire_date": "2024-11-14T16:38:02.475Z"}}, {"model": "sessions.session", "pk": "nlijjb6z76r57fsjbujumc8nezoqh84q", "fields": {"session_data": ".eJxVjEEOgjAQRe_StWnoDNDC0r1naKZ0KlXTEgqJxnh3IWGh2__e-29haV1GuxaebfSiF0qcfjdHw53TDvyN0jXLIadljk7uijxokZfs-XE-3L-Dkcq41ajBgOPOaYAWUFHQOgBgW3vsQiD0DSPX3jgzNKRdZcijMqAcbBHV-2nhUmJOlp9TnF-irz5fd3Q_DA:1t8hTk:RzK-uNP0wQbUgynkUYh8tpvkHN9KSRLvOcd1Wmr31cA", "expire_date": "2024-11-20T14:57:52.791Z"}}, {"model": "sessions.session", "pk": "ns5e384t7w6vo4di5u5jhr1eeo6oldk4", "fields": {"session_data": ".eJxVjEEOgjAQRe_StWnoDNDC0r1naKZ0KlXTEgqJxnh3IWGh2__e-29haV1GuxaebfSiF0qcfjdHw53TDvyN0jXLIadljk7uijxokZfs-XE-3L-Dkcq41ajBgOPOaYAWUFHQOgBgW3vsQiD0DSPX3jgzNKRdZcijMqAcbBHV-2nhUmJOlp9TnF-irz5fd3Q_DA:1t9KAz:U37TgkqhmrBZxI9MP9MMGTz3_wwEggJ6dkyqBNiVCgY", "expire_date": "2024-11-22T08:17:05.978Z"}}, {"model": "sessions.session", "pk": "onlvp0v72pqnpykm2hs2poa3hbxw5x6t", "fields": {"session_data": ".eJxVjEEOgjAQRe_StWnoDNDC0r1naKZ0KlXTEgqJxnh3IWGh2__e-29haV1GuxaebfSiF0qcfjdHw53TDvyN0jXLIadljk7uijxokZfs-XE-3L-Dkcq41ajBgOPOaYAWUFHQOgBgW3vsQiD0DSPX3jgzNKRdZcijMqAcbBHV-2nhUmJOlp9TnF-irz5fd3Q_DA:1t2Wxy:l84QC1SYbSvXzv6W5tydveNU-EtCUgRaiQOA8AriKds", "expire_date": "2024-11-03T14:31:34.518Z"}}, {"model": "sessions.session", "pk": "op8cegojb2rrhipnbilhcgz245ie12i5", "fields": {"session_data": "eyJzaG9wcGluZ19iYWciOnsiMSI6MX19:1t6X0Q:Z4Lzo9XTcTz70IC6wrYNLk_35KIKDR7grjCQ-uPMscw", "expire_date": "2024-11-14T15:22:38.191Z"}}, {"model": "sessions.session", "pk": "p3rxt1q483sr55wb5o07cgtxiydisdcf", "fields": {"session_data": ".eJxVjMEOgyAQBf-FsyGyqKDH3vsNZJGl0jZgQJs2Tf-9mnhor29m3psZXJfJrIWyCY4NTLDqd7M43ijuwF0xXhIfU1xysHxX-EELPydH99Ph_h1MWKatlgo0WOqtAuhACvRKeQDZNU723qN0LUlqnLZ6bFHZWqOTQoOwsEXY7KeFSgkpGnrOIb_YUFes4INMiD6xYckrfb7ZzUUw:1t8It2:D7ywTy4P2z5jkuNin9nOBKiFFXjrDd_YJ8nBYm4EJ7k", "expire_date": "2024-11-19T12:42:20.220Z"}}, {"model": "sessions.session", "pk": "qyolu9109t2y7vcc300cydr1lebcjsp7", "fields": {"session_data": ".eJxVjEESgyAMRe-StcNIUKEuu-8ZmCAgth10RFeOdy9WN65ekv9-NkhhnKYh9tpQD-0GCK0ogGfwAvBC-Qc_I5mXvYDTz4OmdQl6TW7Wg4U2a7eboe7j4hHYN8V-ZN0Yl3kw7FDYlSb2Gq37Pi_39iBQCrktJCo07mEkYoOCk5fSI4qmsuLhPQlbO-Eqq4zqapKmVGQFV8gN5hJVsP8ACdlIHA:1t4eA0:nYmnZI5i5suuH48W32fpz9wSb7lEAu_lHv7H-Zd666o", "expire_date": "2024-11-09T10:36:44.776Z"}}, {"model": "sessions.session", "pk": "rjj2el0o6a880cvlqr192qe9p17o6jl9", "fields": {"session_data": ".eJxVjMEOgyAQBf9lzw2RRYV67L3fQBYBoW3AiCZtjP9eTbx4fTPzVighj2NMgzY0QLcCQofbDTQtc9BLcZOOFjrgcNkM9W-XDmBflIbM-pzmKRp2KOykhT2zdZ_H6V4OApWw10KiQuPuRiK2KDh5KT2iaGsr7t6TsI0TrrbKqL4haSpFVnCF3OAeUX2cFldKzEm77xinH3TV9gdtwUaB:1t5eLJ:XNxtXORO0lcihGictXPjjhmP2TFo-uzNfOzqXI4Jkts", "expire_date": "2024-11-12T05:00:33.538Z"}}, {"model": "sessions.session", "pk": "rpgl1gzdgcnp3zwt8ivj2fsaq47w0605", "fields": {"session_data": ".eJxVjkEOgyAURO_y14bIBwVddt8zmI-g0DZgRJM2xrtXExftdubNy2zQ0br4bs1u7oKFFjgUv5mh_uniWdgHxTGxPsVlDoadCLvazO7JutftYv8EnrI_1kKhRuMaoxBrFJwGpQZEUUsrmmEgYSsnnLTa6L4iZUpNVnCN3OAxInlKs8s5pNi59xTmD7RlAdmnaQpxPH6O0G7AJbR837_Cu0az:1t9me0:1UAPncsH8jVwSh2g8UXyJM4ISd3N5yjf-vMGFIizUSk", "expire_date": "2024-11-23T14:40:56.032Z"}}, {"model": "sessions.session", "pk": "s5kueohmecsmmv4kemgkuw2zrggteu8x", "fields": {"session_data": "eyJzaG9wcGluZ19iYWciOnsiMyI6MiwiMiI6NCwiMSI6MywiNiI6MX19:1t5U2F:kvtqkdSbzc4LUr6ForJFVn7fmqXjG1aZbo0Qg3dOgiI", "expire_date": "2024-11-11T18:00:11.296Z"}}, {"model": "sessions.session", "pk": "scibhsi0ah05h42qa4ak9uit0swmxt5i", "fields": {"session_data": ".eJxVjEEOgyAURO_y14bIR4Wy7L5nIB8BsW3AiK6Md682blxNMvPebFBinqYxDcbSAHoDDppXwOt_tKBxr8DQukSzFj-b0YE-mFtnqf_4dA7uTWnIrM9pmUfLToRda2Gv7Pz3ebG3g0glHraQqND6h5WIHQpOQcqAKLrGiUcIJFzrhW-csqpvSdpakRNcIbd4SNTA_gMq4EGP:1t69Xx:jgNOYqVeNiKj4kpyg6BAl1G_riXf1f0FNIavRkM6ii0", "expire_date": "2024-11-13T14:19:41.069Z"}}, {"model": "sessions.session", "pk": "srrpu4c0p1fgrt4a4bzx1ah2sp8pf5s6", "fields": {"session_data": ".eJxVjsEOgjAQRP9lz4TYLdjao3e_odnSLVRNSygYjfHfhYSDXt_MvMwbLC3zYJfCk40eDAiofpmj7sZpC_yVUp_rLqd5iq7eKvWelvqSPd_Pe_dPMFAZ1rVUqNHxySnEI0pBQamAKI-Nl6cQSPqWJTdeO921pNxBk5dCo3C4jqjZpIVLiTlZfo5xeoE5VFDowTamkMEEuhdeyZDHMaZ-fd6DeYOQYMTn8wUEbk0h:1t82RR:oRRAAwvFyolc399ChY6x-dNO0qq-OCNNkU_qXUjx3Zw", "expire_date": "2024-11-18T19:08:45.572Z"}}, {"model": "sessions.session", "pk": "svurpgrkjoyz270o3qu6dj73jx93469p", "fields": {"session_data": "e30:1t6QJP:4aUxLfI2EzJVa6dsrzoP-EHeQ0Xm_F20D8eURiY9B-4", "expire_date": "2024-11-14T08:13:47.315Z"}}, {"model": "sessions.session", "pk": "u6r3im5kpcfjs4dvkkjdqn08piqxn6pw", "fields": {"session_data": ".eJxVjEEOgjAQRe_StWnoDNDC0r1naKZ0KlXTEgqJxnh3IWGh2__e-29haV1GuxaebfSiF0qcfjdHw53TDvyN0jXLIadljk7uijxokZfs-XE-3L-Dkcq41ajBgOPOaYAWUFHQOgBgW3vsQiD0DSPX3jgzNKRdZcijMqAcbBHV-2nhUmJOlp9TnF-irz5fd3Q_DA:1t249S:jSDVhLg4XWJTSqD_bYtXgupwR9_2QvUzoih3SCf7nmA", "expire_date": "2024-11-02T07:45:30.384Z"}}, {"model": "sessions.session", "pk": "upr6xrr861vdhszydm41rrjugs31x9eb", "fields": {"session_data": ".eJyrVirOyC8oyMxLj09KTFeyqlYyUrIy11EyNFayMgJSlkpWhjpKJmDSEEKCOLW1AM36Dic:1t57Xm:fBhbUgFyC4_pnwHsHL96RkgycydJo_H6Gnzlubx7TJU", "expire_date": "2024-11-10T17:59:14.712Z"}}, {"model": "sessions.session", "pk": "vs8vqfe0lwnt6ghdkm74ics7towoxvng", "fields": {"session_data": "eyJzaG9wcGluZ19iYWciOnsiNSI6MX19:1t558B:iuXfN_hmSKUm1abBTeKPZbi7N-hjeDSFlfHZunc9Tww", "expire_date": "2024-11-10T15:24:39.976Z"}}, {"model": "sessions.session", "pk": "vvpe8ybe933c8yv00k3706nqesawthw7", "fields": {"session_data": ".eJyrVirOyC8oyMxLj09KTFeyqlYyNFSyMtRRMgWThpZgCkgaAzkmEDFjCA-qwgBI1dYCAK6KENo:1t57zt:aMVgxSv5xiqiWFyY-LeO0Qc9nvwJ238bB2MSccv8r28", "expire_date": "2024-11-10T18:28:17.868Z"}}, {"model": "sessions.session", "pk": "wwtd7vk0fhg83usckpyuevglimvcuko4", "fields": {"session_data": "eyJzaG9wcGluZ19iYWciOnsiMiI6NSwiMTEiOjEsIjEzIjoyLCIxIjoxLCIxMiI6Mn19:1t5MLA:A1Ca2RyKSolP0OgVnBW2_wduLpPSyOB-y4EfPbA5KMM", "expire_date": "2024-11-11T09:47:12.805Z"}}, {"model": "sessions.session", "pk": "y49pokord20d8aohmqygela3g779mnai", "fields": {"session_data": "eyJzaG9wcGluZ19iYWciOnsiMiI6NX19:1t56Pc:rcG51iHO8aydYBEm5mJZprwrvyO6aY9QmVH7_ic27KA", "expire_date": "2024-11-10T16:46:44.544Z"}}, {"model": "sessions.session", "pk": "y6mxgt43hni77ysoohlgzd25js3qxwly", "fields": {"session_data": ".eJxVjEEOgyAURO_y18bIR4Wy7L5nIB9BpW3AiCZtjHevti7qZhbz3swChjpQCyAotmaQ-jgMPnT6r86Af5OBEhnUP1HTPPV6Tm7U3oLa4Kkz1Dxc2IG9U-hi3sQwjd7ku5IfNOW3aN3zering55Sv625QInGXYxArJEzaoVoEXldWn5pW-K2ctyVVhrZVCRMIclyJpEZ3EZU7qfJpeRj0O41-PENqlg_5x5NXg:1t4jMn:oxUM3oEEltAVztUQr7yQlwVWOrcQcup6tl3WL1duNZY", "expire_date": "2024-11-09T16:10:17.002Z"}}, {"model": "sessions.session", "pk": "yyaujkvxqldzc741arty76pv9ejrp5ke", "fields": {"session_data": "eyJzaG9wcGluZ19iYWciOnsiMTEiOjEsIjQiOjF9fQ:1t6R9m:yDPNt94pV3iNxKovr9ipCzvNcZnndRimZg3XR8KPqMQ", "expire_date": "2024-11-14T09:07:54.183Z"}}, {"model": "sessions.session", "pk": "z5x76e3f9gw4eyogbkhdqgvinazmhkbt", "fields": {"session_data": "e30:1t7srU:C3WkhUTDTirLllpjX_ThqK53jatWzVWA8PaLIyNit8o", "expire_date": "2024-11-18T08:55:00.353Z"}}, {"model": "sessions.session", "pk": "ze5cd9n25wvacxk429wuuri173w2630z", "fields": {"session_data": "eyJzaG9wcGluZ19iYWciOnsiMSI6MSwiMiI6MX19:1t53gN:NYo1tyzpE6hg1tVTltgLtTPgpxwt1N9S7RoHyQ6ai8U", "expire_date": "2024-11-10T13:51:51.698Z"}}, {"model": "sessions.session", "pk": "zzn6ccaqn7pmhbmnx8atub2bt9ez3qyw", "fields": {"session_data": "eyJzaG9wcGluZ19iYWciOnsiMjAiOjF9fQ:1t53pR:bRwpSzeOafN5_ISHPiWPKq2x1AEolSlpbAXwVp0QDjk", "expire_date": "2024-11-10T14:01:13.376Z"}}, {"model": "sites.site", "pk": 1, "fields": {"domain": "example.com", "name": "example.com"}}, {"model": "account.emailaddress", "pk": 1, "fields": {"user": 1, "email": "losola5712@hraifi.com", "verified": true, "primary": true}}, {"model": "account.emailaddress", "pk": 2, "fields": {"user": 2, "email": "test@test.com", "verified": true, "primary": true}}, {"model": "account.emailaddress", "pk": 3, "fields": {"user": 3, "email": "test123@gool.com", "verified": true, "primary": true}}, {"model": "account.emailaddress", "pk": 4, "fields": {"user": 4, "email": "test999@test.com", "verified": true, "primary": true}}, {"model": "account.emailaddress", "pk": 5, "fields": {"user": 5, "email": "555@hot.com", "verified": true, "primary": true}}, {"model": "products.category", "pk": 3, "fields": {"name": "safety_razors", "friendly_name": "Safety Razors"}}, {"model": "products.category", "pk": 4, "fields": {"name": "brushes", "friendly_name": "Brushes"}}, {"model": "products.category", "pk": 5, "fields": {"name": "soaps_aftershaves", "friendly_name": "Soaps & Aftershaves"}}, {"model": "products.category", "pk": 6, "fields": {"name": "shaving_bowls", "friendly_name": "Shaving Bowls"}}, {"model": "products.category", "pk": 7, "fields": {"name": "blades", "friendly_name": "Blades"}}, {"model": "products.category", "pk": 8, "fields": {"name": "straight_razors", "friendly_name": "Straight Razors"}}, {"model": "products.product", "pk": 1, "fields": {"category": 3, "sku": "SR-001-SAF-2024", "name": "Masamune nodachi", "description": "The Nodachi razor has a longer handle and an amplified blade feeling. All in favour of a closer and sharper shaving experience.\r\n\r\nNodachi is for more experienced users who like a more efficient shave. It’s usually used by people with a more irregular and stronger beard.\r\n\r\nThe closed comb plate is our smoothest option and the most popular. It is designed with small grooves along the edges of the plate giving less blade exposure to the skin.", "price": "174.00", "image": "masamune_nodachi1.jpg", "image_url": null, "is_active": true}}, {"model": "products.product", "pk": 2, "fields": {"category": 3, "sku": "SR-002-SAF-2024", "name": "Muramasa Adjustable Razor", "description": "The Muramasa is a highly efficient and comfortable adjustable safety razor that allows shavers to choose the preferred shave setting (smooth or aggressive) by simply turning the razor dial.\r\n\r\nDue to its fine-tuning adjustable mechanism and superior construction quality, it provides an adaptable shave. Perfect for both wet shaving beginners and experts.\r\n\r\nThe Muramasa adapts to your skin and hair but it’s also perfect for a rushed shave if you need a more forgiving setting, or if your mood simply demands something new.", "price": "359.00", "image": "Masamune-Closed-Comb-Matte.jpg", "image_url": null, "is_active": true}}, {"model": "products.product", "pk": 3, "fields": {"category": 8, "sku": "SR-001-STR-2024", "name": "ARENA Smoked", "description": "A full inch blade, dark as night, engraved with a proud lion, requires courage to wield it in the face. \r\n\r\nThis courage is what the blade represents. It was inspired by Theodore Roosevelt's speech entitled \"Citizenship in a Republic\". An excerpt from this speech, known as \"The Man in the Arena\" , is engraved in full on the back of this special blade.\r\n\r\nThe speech says that it is not the critic who counts, but that all the credit goes to the man in the arena who dares a lot.", "price": "335.00", "image": "128820816_arena_smoked_01.png", "image_url": null, "is_active": true}}, {"model": "products.product", "pk": 4, "fields": {"category": 8, "sku": "SR-002-STR-2024", "name": "BISMARCK EBENHOLZ", "description": "The DOVO razor No. 2 in 6/8 inch is called BISMARCK®. In the 20th century, as it still is today, the name stands for the highest razor art from Solingen. The special features of this model are its characteristic, elegant appearance, its heavy weight and its incomparable handling.", "price": "195.00", "image": "10681082_bismarck_ebenholz_00_1.png", "image_url": null, "is_active": true}}, {"model": "products.product", "pk": 5, "fields": {"category": 3, "sku": "SR-003-SAF-2024", "name": "PRIMO II safety razor", "description": "The PRIMO II: Decades of experience condensed into a shaving masterpiece.\r\n\r\nThe name PRIMO means \"at the beginning\". PRIMO stands for a new beginning. A new beginning for you, the wet razor. More than a century of knowledge, condensed in 2 years of development time, with a painful number of development cycles, has produced this incomparable shaving tool. Made in GERMANY, of course.\r\n\r\nWhen wet shaving, a tiny difference in the geometry of the razor has a fundamental impact on your shaving experience. Our goal was to create the most intense and satisfying shaving experience possible. And, to the chagrin of all other safety razors, we succeeded.\r\n\r\nHappy is the person who makes PRIMO a permanent part of their skincare routine. A meditative state that is unparalleled.", "price": "49.00", "image": "70000001_aufsicht.png", "image_url": null, "is_active": true}}, {"model": "products.product", "pk": 6, "fields": {"category": 3, "sku": "SR-004-SAF-2024", "name": "Proof Whiskey Razor", "description": "Crafted in Montana, the Proof Single Blade stands as a testament to American craftsmanship. This tool is not just a razor; it's an embodiment of durability and comfort.\r\n\r\nDesigned with an innovative pivoting head, it adapts seamlessly to the contours of your face, ensuring a close and comfortable shave. Our unique single-blade design glides smoothly across your skin, eliminating irritation and ingrown hairs.\r\n\r\nEngineered with a magnet-secured cap, blade changes are simple and secure. The flow-through razor head design prevents clogging, ensuring a clean shave every time.\r\n\r\nMade from CNC machined aluminum, the Proof Single Blade is built to last a lifetime, destined to become an integral and cherished part of your grooming routine.\r\n\r\nEach razor comes encased in a genuine leather case, stitched together in Montana, chosen for its enduring quality and unparalleled durability, ensuring it lasts as long as the razor itself.", "price": "120.00", "image": "Ortho1_2bbd4d26-b25b-4a4a-9416-11eac8d0efea.webp", "image_url": null, "is_active": true}}, {"model": "products.product", "pk": 7, "fields": {"category": 3, "sku": "SR-005-SAF-2024", "name": "Leaf Razor", "description": "The unique and patent-protected Leaf Razor is the first safety razor designed to address the needs of body shavers and head shavers.\r\nA pivoting head, Adjustable closeness, Triple-blade shave, Magnetic loading assist, Zero disposable plastic\r\nThere are other metal razors, but there are no other Leaf Razors. We welcome you to try us as the best way to experience the difference.", "price": "84.00", "image": "leafrazor.png", "image_url": null, "is_active": true}}, {"model": "products.product", "pk": 8, "fields": {"category": 3, "sku": "SR-006-SAF-2024", "name": "Twig", "description": "Leaf single-edge razors, Twig an. If you've used an old-school safety razor before you'll be surprised at how easy it is to pick up and shave with Leaf Twig.", "price": "59.00", "image": "twig.png", "image_url": null, "is_active": true}}, {"model": "products.product", "pk": 9, "fields": {"category": 8, "sku": "SR-003-STR-2024", "name": "DOVO Shavette Stainless", "description": "The DOVO Shavette is a straight razor with interchangeable blades. It can be used just like a classic straight razor. The possibility to change the blade makes it extremely popular at barbershops since every customer receives a fresh blade. This stainless steel design has a beautiful shine on the tang and back, while the handle is kept matt.", "price": "45.00", "image": "22130201_shavette_alu_00_1.png", "image_url": null, "is_active": true}}, {"model": "products.product", "pk": 10, "fields": {"category": 8, "sku": "SR-004-STR-2024", "name": "DOVO Shavette Olive Wood", "description": "The DOVO Shavette is a straight razor with interchangeable blades. It can be used just like a classic straight razor. The possibility to change the blade makes it extremely popular at barbershops since every customer receives a fresh blade. We manufacture this model from light aluminum and refine it with a handle of stylishly grained olive wood.", "price": "65.00", "image": "vorlage_10681082_bismarck_ebenholz_00.png", "image_url": null, "is_active": true}}, {"model": "products.product", "pk": 11, "fields": {"category": 4, "sku": "SR-001-BRS-2024", "name": "Muramasa Adjustable Brush - Synthetic", "description": "It’s a type of brush that allows the user to adjust the length of the bristles, also known as the loft. This allows the user to customize the firmness or softness of the bristles to suit their specific needs. For example, a softer setting may be more suitable for creating a rich lather, while a firmer setting may be better for scrubbing and cleaning the skin.\r\n\r\nThis innovative and patented Adjustable Shaving Brush, designed for easy loft adjustment during shaving and compatible with various hair types, is suitable for all skin and hair types. It offers a personalized shaving experience, unlocking the full potential of different brush hair types.\r\n\r\nSynthetic: Excellent lather and is easy to maintain. It dries quickly and doesn’t require the same conditioning as natural hair brushes.\r\n\r\nLoft: [48 – 58] mm\r\nØ Knot: 24 mm\r\nHandle height: 51 mm\r\nWeight: 114 grams", "price": "189.00", "image": "AAF6131.png", "image_url": null, "is_active": true}}, {"model": "products.product", "pk": 12, "fields": {"category": 4, "sku": "SR-002-BRS-2024  Brush", "name": "Muramasa Adjustable Brush - Premium Boar", "description": "It’s a type of brush that allows the user to adjust the length of the bristles, also known as the loft. This allows the user to customize the firmness or softness of the bristles to suit their specific needs. For example, a softer setting may be more suitable for creating a rich lather, while a firmer setting may be better for scrubbing and cleaning the skin.\r\n\r\nThis innovative and patented Adjustable Shaving Brush, designed for easy loft adjustment during shaving and compatible with various hair types, is suitable for all skin and hair types. It offers a personalized shaving experience, unlocking the full potential of different brush hair types.\r\n\r\nPremium Boar: Offers an additional exfoliating effect for the skin and a good backbone.\r\n\r\nLoft: [48 – 58] mm\r\nØ Knot: 24 mm\r\nHandle height: 51 mm\r\nWeight: 114 grams", "price": "185.00", "image": "AAF6133.png", "image_url": null, "is_active": true}}, {"model": "products.product", "pk": 13, "fields": {"category": 4, "sku": "SR-003-BRS-2024", "name": "Masamune Brush Synthetic", "description": "The Synthetic Shaving Brush offers excellent lathering and exfoliating properties for a comfortable shave. It is also easy to maintain, as it dries quickly and does not require conditioning as natural hair brushes do.\r\n\r\nWe refused to settle for the standard synthetic hairs available in the market. Instead, our dedicated efforts have led us to develop a brush that exemplifies a unique balance between backbone and softness with optimal fiber density, resulting in exceptional lathering capability and remarkable water retention.\r\n\r\nThe handle is CNC machined in AISI 303 high-grade stainless steel, hand-finished, and sandblasted.\r\n\r\nKnot Height: 50 mm\r\nØ Knot: 24 mm\r\nHandle height: 51 mm\r\nWeight: 114 grams", "price": "85.00", "image": "BPM15913.png", "image_url": null, "is_active": true}}, {"model": "products.product", "pk": 14, "fields": {"category": 4, "sku": "SR-004-BRS-2024", "name": "Muramasa Knot - Synthetic", "description": "Is a special Knot that allows for effortless switching between different hair types within the Muramasa Adjustable Brush.\r\n\r\nNote: This product is designed to be used in conjunction with the Muramasa Adjustable Shaving Brush, so please purchase only if you already own the Muramasa Adjustable Shaving Brush.\r\n\r\nSynthetic: Excellent lather and is easy to maintain. It dries quickly and doesn’t require the same conditioning as natural hair brushes.\r\n\r\nLoft: 58 mm\r\nØ Knot: 24 mm\r\nWeight: 40 grams", "price": "69.00", "image": "AAF6136.png", "image_url": null, "is_active": true}}, {"model": "products.product", "pk": 15, "fields": {"category": 5, "sku": "SR-001-SAP-2024", "name": "Proraso Sensitive Shaving Soap", "description": "This formula, ideal for sensitive skin, provides a creamy lather for a close shave without razor burn or irritation. Oatmeal and green tea calm, soothe, and protect inflamed, irritated skin.\r\nCreates a rich, thick lather while protecting, calming, and soothing skin prone to irritation.", "price": "9.22", "image": "61IkkyPEB-L._SX522_.jpg", "image_url": null, "is_active": true}}, {"model": "products.product", "pk": 16, "fields": {"category": 5, "sku": "SR-002-SAP-2024", "name": "Proraso  Eucalyptus", "description": "This Proraso classic provides a dense, creamy lather to prepare skin for a close shave without nicks and cuts. Eucalyptus purifies and tones while menthol adds a refreshing, cooling sensation.\r\nBenefits\r\nCreates a rich, thick lather and softens skin for a close shave without nicks and cuts\r\nSuggested Use\r\nApply with a shave brush to damp skin; work up a rich lather. Use after applying Proraso Pre-Shave Cream.", "price": "21.22", "image": "613TnPrjXL._SX522_.jpg", "image_url": null, "is_active": true}}, {"model": "products.product", "pk": 17, "fields": {"category": 5, "sku": "SR-003-SAP-2024", "name": "Cella Organic Aloe Vera Shaving Soap", "description": "Naturally practical! The organic shaving cream in the tube from Cella ensures a precise and comfortable shave with valuable organic oils and natural ingredients. The shaving cream in the tube has been specially developed to lather directly on the face and quickly transforms into a rich and soft lather. The soft, creamy lather allows a comfortable shave and protects the skin from irritation and micro-cuts. At the same time, the shaving cream moisturizes and leaves the skin feeling pleasantly soft.dambiro", "price": "19.89", "image": "61eLIg6ZZJL._SX679_.jpg", "image_url": null, "is_active": true}}, {"model": "products.product", "pk": 18, "fields": {"category": 5, "sku": "SR-004-SAP-2024", "name": "Tabac shaving soap", "description": "Launched by the design house of Maurer & Wirtz in 1959. It possesses a blend of lavender, citrus, and warm florals. It is recommended for casual wear.", "price": "24.45", "image": "71mEJkuG08L._SX679_.jpg", "image_url": null, "is_active": true}}, {"model": "products.product", "pk": 19, "fields": {"category": 7, "sku": "SR-001-BLA-2024", "name": "Astra Blue Superior Stainless Double Edge", "description": "A pack of 50 blades.", "price": "8.29", "image": "61GkB6r0qqL._SX466_.jpg", "image_url": null, "is_active": true}}, {"model": "products.product", "pk": 20, "fields": {"category": 7, "sku": "SR-002-BLA-2024", "name": "Blade Starter set", "description": "Astra-Derby-Shark-Loi-Starmax-Sharp Double Edge Razor Blades Sampler (30 blades, 6 different brands)", "price": "7.37", "image": "51bouujmh8L._SX300_SY300_QL70_FMwebp_.webp", "image_url": null, "is_active": true}}, {"model": "products.product", "pk": 21, "fields": {"category": 6, "sku": "SR-001-SHM-2024", "name": "Beau Brummell", "description": "SOLID BLACK MARBLE: Handcrafted from a solid block of natural black marble stone. Features horizontally cut grooves on the bowls interior to help better whip shaving cream or soap into a dense lather.\r\nNATURALLY HEAT RETAINING: Run your shaving bowl under hot water for 1 minute to heat up the natural stone. Bowl will naturally retain the heat and warm up your shaving lather for a more comfortable shave.\r\nSIZE DONE RIGHT: Bowl is just the right size, It is large enough to use any shaving brush to easily work up a rich, thick, luxurious lather yet small enough to fit comfortably in your hand. 4.5-inch diameter, 2.5-inch height, 0.27-inch wall thickness, 2.5-inch base diameter, 1.3-pound weight.\r\nBEST QUALITY: A truly high-quality bowl, made of a solid block of heavy black marble Crafted of black marble, this shaving bowl is as much about the look as it is about utility.\r\nBEAU BRUMMELL FOR MEN creates expertly formulated men’s skincare and grooming products. We pride ourselves on the quality and ingredients of our moisturizer to ensure our customers receive the best we have to offer and real benefits for all skin types. Featured in GQ, Glamour, Men's Journal, Primer Magazine, and more.", "price": "30.44", "image": "91pKRr1wYGS._AC_SX569_.jpg", "image_url": null, "is_active": true}}, {"model": "products.product", "pk": 22, "fields": {"category": 6, "sku": "SR-002-SHM-2024", "name": "Grandslam Wooden Shaving Bowl", "description": "he Oak wood bowl is just the right size, easily work up a rich, thick, luxurious lather to complete shave with a normal sized brush.\r\nPerfect lid to prevent dust, keep clean and dry.\r\nBUILDS RICH FOAM : Used with shaving soap , shaving brush together with hot water to whip up a rich, creamy lather for wet shaving.\r\nThis wooden bowl and lid have a genuine wood grain and luster that may well make them the most beautiful thing in your bathroom—beside your clean-shaven face, of course.\r\nNATURALLY DURABLE: Oak wood is solid, edge-security without hurting hands.it is also a perfect size for travelling as well.", "price": "11.98", "image": "51NSkyapguL._AC_SX679_.jpg", "image_url": null, "is_active": true}}, {"model": "products.previewimage", "pk": 1, "fields": {"product": 1, "image": "preview_images/masamune_nodachi2.png"}}, {"model": "products.previewimage", "pk": 2, "fields": {"product": 1, "image": "preview_images/masamune_nodachi3.png"}}, {"model": "products.previewimage", "pk": 3, "fields": {"product": 2, "image": "preview_images/Muramasa-SS.png"}}, {"model": "products.previewimage", "pk": 4, "fields": {"product": 2, "image": "preview_images/cad-image-5-rotated.jpeg"}}, {"model": "products.previewimage", "pk": 5, "fields": {"product": 3, "image": "preview_images/128820816_arena_smoked_05.jpg"}}, {"model": "products.previewimage", "pk": 6, "fields": {"product": 4, "image": "preview_images/10681082_bismarck_ebenholz_02.jpg"}}, {"model": "products.previewimage", "pk": 7, "fields": {"product": 5, "image": "preview_images/70000002_schra_g_1.jpeg"}}, {"model": "products.previewimage", "pk": 8, "fields": {"product": 6, "image": "preview_images/Ortho5_c8dc2573-a7ca-457b-a538-ddcd4b5eb55e.webp"}}, {"model": "products.previewimage", "pk": 9, "fields": {"product": 6, "image": "preview_images/Packaging1_48cb744a-f12d-4523-b18c-379aba85516a.webp"}}, {"model": "products.previewimage", "pk": 10, "fields": {"product": 7, "image": "preview_images/PDP_LeafRazor_Enhanced-Features_aa356be0-19c3-41ca-8caf-b38742f75886.webp"}}, {"model": "products.previewimage", "pk": 11, "fields": {"product": 9, "image": "preview_images/22130201_shavette_alu_02_klein_1.jpg"}}, {"model": "products.previewimage", "pk": 12, "fields": {"product": 9, "image": "preview_images/22130201_shavette_alu_03_klein_1.jpg"}}, {"model": "products.previewimage", "pk": 13, "fields": {"product": 9, "image": "preview_images/31450412_klingenhalter_kurz_10x_03.png"}}, {"model": "products.previewimage", "pk": 14, "fields": {"product": 10, "image": "preview_images/22142022_shavette_olive_04_klein.jpg"}}, {"model": "star_ratings.rating", "pk": 1, "fields": {"count": 0, "total": 0, "average": "0.000", "content_type": 16, "object_id": 1}}, {"model": "star_ratings.rating", "pk": 2, "fields": {"count": 0, "total": 0, "average": "0.000", "content_type": 16, "object_id": 3}}, {"model": "star_ratings.rating", "pk": 3, "fields": {"count": 1, "total": 3, "average": "3.000", "content_type": 16, "object_id": 2}}, {"model": "star_ratings.rating", "pk": 4, "fields": {"count": 1, "total": 2, "average": "2.000", "content_type": 16, "object_id": 6}}, {"model": "star_ratings.rating", "pk": 5, "fields": {"count": 0, "total": 0, "average": "0.000", "content_type": 16, "object_id": 11}}, {"model": "star_ratings.rating", "pk": 6, "fields": {"count": 0, "total": 0, "average": "0.000", "content_type": 16, "object_id": 14}}, {"model": "star_ratings.rating", "pk": 7, "fields": {"count": 1, "total": 1, "average": "1.000", "content_type": 16, "object_id": 4}}, {"model": "star_ratings.rating", "pk": 8, "fields": {"count": 1, "total": 4, "average": "4.000", "content_type": 16, "object_id": 13}}, {"model": "star_ratings.rating", "pk": 9, "fields": {"count": 0, "total": 0, "average": "0.000", "content_type": 16, "object_id": 12}}, {"model": "star_ratings.rating", "pk": 10, "fields": {"count": 0, "total": 0, "average": "0.000", "content_type": 16, "object_id": 20}}, {"model": "star_ratings.rating", "pk": 11, "fields": {"count": 0, "total": 0, "average": "0.000", "content_type": 16, "object_id": 5}}, {"model": "star_ratings.rating", "pk": 12, "fields": {"count": 1, "total": 1, "average": "1.000", "content_type": 16, "object_id": 23}}, {"model": "star_ratings.rating", "pk": 13, "fields": {"count": 0, "total": 0, "average": "0.000", "content_type": 16, "object_id": 16}}, {"model": "star_ratings.rating", "pk": 14, "fields": {"count": 0, "total": 0, "average": "0.000", "content_type": 16, "object_id": 7}}, {"model": "star_ratings.rating", "pk": 15, "fields": {"count": 0, "total": 0, "average": "0.000", "content_type": 16, "object_id": 8}}, {"model": "star_ratings.rating", "pk": 16, "fields": {"count": 0, "total": 0, "average": "0.000", "content_type": 16, "object_id": 9}}, {"model": "star_ratings.rating", "pk": 17, "fields": {"count": 0, "total": 0, "average": "0.000", "content_type": 16, "object_id": 10}}, {"model": "star_ratings.rating", "pk": 18, "fields": {"count": 0, "total": 0, "average": "0.000", "content_type": 16, "object_id": 15}}, {"model": "star_ratings.rating", "pk": 19, "fields": {"count": 0, "total": 0, "average": "0.000", "content_type": 16, "object_id": 17}}, {"model": "star_ratings.rating", "pk": 20, "fields": {"count": 0, "total": 0, "average": "0.000", "content_type": 16, "object_id": 18}}, {"model": "star_ratings.rating", "pk": 21, "fields": {"count": 0, "total": 0, "average": "0.000", "content_type": 16, "object_id": 19}}, {"model": "star_ratings.rating", "pk": 22, "fields": {"count": 0, "total": 0, "average": "0.000", "content_type": 16, "object_id": 21}}, {"model": "star_ratings.rating", "pk": 23, "fields": {"count": 0, "total": 0, "average": "0.000", "content_type": 16, "object_id": 22}}, {"model": "star_ratings.rating", "pk": 24, "fields": {"count": 0, "total": 0, "average": "0.000", "content_type": 16, "object_id": 24}}, {"model": "star_ratings.rating", "pk": 25, "fields": {"count": 0, "total": 0, "average": "0.000", "content_type": 16, "object_id": 25}}, {"model": "star_ratings.rating", "pk": 26, "fields": {"count": 0, "total": 0, "average": "0.000", "content_type": 16, "object_id": 26}}, {"model": "star_ratings.rating", "pk": 27, "fields": {"count": 0, "total": 0, "average": "0.000", "content_type": 16, "object_id": 27}}, {"model": "star_ratings.rating", "pk": 28, "fields": {"count": 0, "total": 0, "average": "0.000", "content_type": 16, "object_id": 28}}, {"model": "star_ratings.rating", "pk": 29, "fields": {"count": 0, "total": 0, "average": "0.000", "content_type": 16, "object_id": 29}}, {"model": "star_ratings.rating", "pk": 30, "fields": {"count": 0, "total": 0, "average": "0.000", "content_type": 16, "object_id": 30}}, {"model": "star_ratings.rating", "pk": 31, "fields": {"count": 0, "total": 0, "average": "0.000", "content_type": 16, "object_id": 31}}, {"model": "star_ratings.userrating", "pk": 4, "fields": {"created": "2024-10-19T08:50:17.574Z", "modified": "2024-10-19T08:50:23.285Z", "user": 1, "ip": "127.0.0.1", "score": 1, "rating": 12}}, {"model": "star_ratings.userrating", "pk": 17, "fields": {"created": "2024-11-10T11:32:26.856Z", "modified": "2024-11-10T11:32:26.856Z", "user": 1, "ip": "127.0.0.1", "score": 1, "rating": 7}}, {"model": "star_ratings.userrating", "pk": 18, "fields": {"created": "2024-11-10T11:32:29.580Z", "modified": "2024-11-10T11:32:29.580Z", "user": 1, "ip": "127.0.0.1", "score": 4, "rating": 8}}, {"model": "star_ratings.userrating", "pk": 19, "fields": {"created": "2024-11-11T07:44:08.276Z", "modified": "2024-11-11T07:44:08.276Z", "user": 1, "ip": "127.0.0.1", "score": 2, "rating": 4}}, {"model": "star_ratings.userrating", "pk": 22, "fields": {"created": "2024-11-11T11:49:34.698Z", "modified": "2024-11-11T11:49:34.698Z", "user": 1, "ip": "127.0.0.1", "score": 3, "rating": 3}}, {"model": "checkout.order", "pk": 24, "fields": {"order_number": "CAA283B517324F3883069C2AE09AE0E6", "user_profile": 1, "full_name": "hello hello", "email": "losola5712@hraifi.com", "phone_number": "1232342343245", "country": "AU", "postcode": null, "town_or_city": "anywhere", "street_address1": "12th street", "street_address2": "the odd", "county": null, "date": "2024-11-05T11:33:15.307Z", "order_total": "359.00", "total": "359.00", "original_bag": "{\"2\": 1}", "stripe_pid": "pi_3QHi8yG1ZGJMpzAR16SKsB6i"}}, {"model": "checkout.order", "pk": 25, "fields": {"order_number": "9083E0EF7E474BABBB400EFA881326BC", "user_profile": 1, "full_name": "test", "email": "losola5712@hraifi.com", "phone_number": "1232342343245", "country": "AU", "postcode": null, "town_or_city": "anywhere", "street_address1": "12th street", "street_address2": "the odd", "county": null, "date": "2024-11-05T11:40:40.799Z", "order_total": "174.00", "total": "174.00", "original_bag": "{\"1\": 1}", "stripe_pid": "pi_3QHkC7G1ZGJMpzAR1zApKahm"}}, {"model": "checkout.order", "pk": 26, "fields": {"order_number": "DEAD54EA0B614402AE13C0243C173557", "user_profile": 1, "full_name": "test email", "email": "losola5712@hraifi.com", "phone_number": "1232342343245", "country": "BH", "postcode": null, "town_or_city": "anywhere", "street_address1": "12th street", "street_address2": "the odd", "county": null, "date": "2024-11-05T11:45:12.384Z", "order_total": "21.22", "total": "21.22", "original_bag": "{\"16\": 1}", "stripe_pid": "pi_3QHlBhG1ZGJMpzAR0OPKoanX"}}, {"model": "checkout.order", "pk": 27, "fields": {"order_number": "1B1C8D484EC34119B0D6072E4AD845DB", "user_profile": null, "full_name": "Tutor Test", "email": "test@test.com", "phone_number": "12345679", "country": "IE", "postcode": null, "town_or_city": "tutor city", "street_address1": "tutor street", "street_address2": null, "county": null, "date": "2024-11-05T11:46:31.994Z", "order_total": "174.00", "total": "174.00", "original_bag": "{\"1\": 1}", "stripe_pid": "pi_3QHkGdG1ZGJMpzAR1Df0pW4W"}}, {"model": "checkout.order", "pk": 28, "fields": {"order_number": "7D6BEB00478A422A90986A4A453A2FAC", "user_profile": 1, "full_name": "test email", "email": "losola5712@hraifi.com", "phone_number": "1232342343245", "country": "AU", "postcode": null, "town_or_city": "anywhere", "street_address1": "12th street", "street_address2": "the odd", "county": null, "date": "2024-11-05T12:05:15.597Z", "order_total": "85.00", "total": "85.00", "original_bag": "{\"13\": 1}", "stripe_pid": "pi_3QHlUTG1ZGJMpzAR1a4l600b"}}, {"model": "checkout.order", "pk": 29, "fields": {"order_number": "0693570A19B84932A1DB7D9B9AD8E4F9", "user_profile": 1, "full_name": "test45", "email": "losola5712@hraifi.com", "phone_number": "1232342343245", "country": "BD", "postcode": null, "town_or_city": "anywhere", "street_address1": "12th street", "street_address2": "the odd", "county": "US", "date": "2024-11-05T12:14:49.257Z", "order_total": "185.98", "total": "185.98", "original_bag": "{\"1\": 1, \"22\": 1}", "stripe_pid": "pi_3QHkhGG1ZGJMpzAR1fMgtyXM"}}, {"model": "checkout.order", "pk": 30, "fields": {"order_number": "3F88D4B050E5419D8F918E276FFECCB6", "user_profile": 1, "full_name": "test fdgfdg", "email": "losola5712@hraifi.com", "phone_number": "1232342343245", "country": "AU", "postcode": null, "town_or_city": "anywhere", "street_address1": "12th street", "street_address2": "the odd", "county": null, "date": "2024-11-05T12:25:17.793Z", "order_total": "85.00", "total": "85.00", "original_bag": "{\"13\": 1}", "stripe_pid": "pi_3QHiyCG1ZGJMpzAR1SmvweRT"}}, {"model": "checkout.order", "pk": 31, "fields": {"order_number": "6F9DE0E189B04C65AD94A914769A6667", "user_profile": 1, "full_name": "test", "email": "losola5712@hraifi.com", "phone_number": "1232342343245", "country": "AU", "postcode": null, "town_or_city": "anywhere", "street_address1": "12th street", "street_address2": "the odd", "county": null, "date": "2024-11-05T12:25:49.849Z", "order_total": "359.00", "total": "359.00", "original_bag": "{\"2\": 1}", "stripe_pid": "pi_3QHlouG1ZGJMpzAR1RKX18Fe"}}, {"model": "checkout.order", "pk": 32, "fields": {"order_number": "CF79246235394075A5B97C9923C6285F", "user_profile": 1, "full_name": "test email 00044", "email": "losola5712@hraifi.com", "phone_number": "1232342343245", "country": "AW", "postcode": null, "town_or_city": "anywhere", "street_address1": "12th street", "street_address2": "the odd", "county": null, "date": "2024-11-05T12:32:16.523Z", "order_total": "189.00", "total": "189.00", "original_bag": "{\"11\": 1}", "stripe_pid": "pi_3QHlv6G1ZGJMpzAR1MM4t3ql"}}, {"model": "checkout.order", "pk": 33, "fields": {"order_number": "54D99916A4AC486CABCA8114AFA0D30E", "user_profile": 1, "full_name": "testing email function 009", "email": "losola5712@hraifi.com", "phone_number": "1232342343245", "country": "AW", "postcode": null, "town_or_city": "anywhere", "street_address1": "12th street", "street_address2": "the odd", "county": null, "date": "2024-11-05T12:37:17.388Z", "order_total": "69.00", "total": "69.00", "original_bag": "{\"14\": 1}", "stripe_pid": "pi_3QHlzwG1ZGJMpzAR0F9By5rW"}}, {"model": "checkout.order", "pk": 34, "fields": {"order_number": "A25211CCF00E452189B4AAEC26B087D0", "user_profile": 1, "full_name": "test 232323", "email": "losola5712@hraifi.com", "phone_number": "1232342343245", "country": "AW", "postcode": null, "town_or_city": "anywhere", "street_address1": "12th street", "street_address2": "the odd", "county": null, "date": "2024-11-05T12:42:20.091Z", "order_total": "59.00", "total": "59.00", "original_bag": "{\"8\": 1}", "stripe_pid": "pi_3QHm50G1ZGJMpzAR1lWDhx8J"}}, {"model": "checkout.order", "pk": 35, "fields": {"order_number": "6B77F8B339DE4D70ADA5E5447C0AA9BB", "user_profile": null, "full_name": "Tutor Test", "email": "test@test.com", "phone_number": "12345679", "country": "IE", "postcode": null, "town_or_city": "tutor city", "street_address1": "tutor street", "street_address2": null, "county": null, "date": "2024-11-05T13:52:38.438Z", "order_total": "174.00", "total": "174.00", "original_bag": "{\"1\": 1}", "stripe_pid": "pi_3QHkMdG1ZGJMpzAR0qPw1g3P"}}, {"model": "checkout.order", "pk": 36, "fields": {"order_number": "4BDA6669962C422593471FCB0A04C0FA", "user_profile": null, "full_name": "Tutor Test", "email": "test@test.com", "phone_number": "12345679", "country": "IE", "postcode": null, "town_or_city": "tutor city", "street_address1": "tutor street", "street_address2": null, "county": null, "date": "2024-11-05T13:54:47.736Z", "order_total": "174.00", "total": "174.00", "original_bag": "{\"1\": 1}", "stripe_pid": "pi_3QHkO6G1ZGJMpzAR18Zqe2Ou"}}, {"model": "checkout.order", "pk": 37, "fields": {"order_number": "3874000542C64C8EA72E1BD591DA1C12", "user_profile": 1, "full_name": "test", "email": "losola5712@hraifi.com", "phone_number": "1232342343245", "country": "BH", "postcode": null, "town_or_city": "anywhere", "street_address1": "anywhere", "street_address2": null, "county": null, "date": "2024-11-10T13:05:33.976Z", "order_total": "359.00", "total": "359.00", "original_bag": "{\"2\": 1}", "stripe_pid": "pi_3QJaovG1ZGJMpzAR051ZGLD4"}}, {"model": "checkout.orderlineitem", "pk": 27, "fields": {"order": 24, "product": 2, "quantity": 1, "lineitem_total": "359.00"}}, {"model": "checkout.orderlineitem", "pk": 28, "fields": {"order": 25, "product": 1, "quantity": 1, "lineitem_total": "174.00"}}, {"model": "checkout.orderlineitem", "pk": 29, "fields": {"order": 26, "product": 16, "quantity": 1, "lineitem_total": "21.22"}}, {"model": "checkout.orderlineitem", "pk": 30, "fields": {"order": 27, "product": 1, "quantity": 1, "lineitem_total": "174.00"}}, {"model": "checkout.orderlineitem", "pk": 31, "fields": {"order": 28, "product": 13, "quantity": 1, "lineitem_total": "85.00"}}, {"model": "checkout.orderlineitem", "pk": 32, "fields": {"order": 29, "product": 1, "quantity": 1, "lineitem_total": "174.00"}}, {"model": "checkout.orderlineitem", "pk": 33, "fields": {"order": 29, "product": 22, "quantity": 1, "lineitem_total": "11.98"}}, {"model": "checkout.orderlineitem", "pk": 34, "fields": {"order": 30, "product": 13, "quantity": 1, "lineitem_total": "85.00"}}, {"model": "checkout.orderlineitem", "pk": 35, "fields": {"order": 31, "product": 2, "quantity": 1, "lineitem_total": "359.00"}}, {"model": "checkout.orderlineitem", "pk": 36, "fields": {"order": 32, "product": 11, "quantity": 1, "lineitem_total": "189.00"}}, {"model": "checkout.orderlineitem", "pk": 37, "fields": {"order": 33, "product": 14, "quantity": 1, "lineitem_total": "69.00"}}, {"model": "checkout.orderlineitem", "pk": 38, "fields": {"order": 34, "product": 8, "quantity": 1, "lineitem_total": "59.00"}}, {"model": "checkout.orderlineitem", "pk": 39, "fields": {"order": 35, "product": 1, "quantity": 1, "lineitem_total": "174.00"}}, {"model": "checkout.orderlineitem", "pk": 40, "fields": {"order": 36, "product": 1, "quantity": 1, "lineitem_total": "174.00"}}, {"model": "checkout.orderlineitem", "pk": 41, "fields": {"order": 37, "product": 2, "quantity": 1, "lineitem_total": "359.00"}}, {"model": "about.faq", "pk": 6, "fields": {"question": "testing 4567", "answer": "dsfökjsdöfksdödlökölyx,c"}}, {"model": "about.faq", "pk": 7, "fields": {"question": "dfgdfgfd", "answer": "fdgdfgdfg"}}, {"model": "about.faq", "pk": 13, "fields": {"question": "delete", "answer": "sdfdsfsdf"}}, {"model": "about.faq", "pk": 28, "fields": {"question": "sadasd", "answer": "sadasdasd"}}]